orderID,customerID,employeeID,orderDate,requiredDate,shippedDate,shipVia,freight,shipName,shipAddress,shipCity,shipRegion,shipPostalCode,shipCountry
10248,VINET,5,1996-07-04 00:00:00.000,1996-08-01 00:00:00.000,1996-07-16 00:00:00.000,3,32.38,Vins et alcools Chevalier,59 rue de l'Abbaye,Reims,NULL,51100,France
10249,TOMSP,6,1996-07-05 00:00:00.000,1996-08-16 00:00:00.000,1996-07-10 00:00:00.000,1,11.61,Toms Spezialitäten,Luisenstr. 48,Münster,NULL,44087,Germany
10250,HANAR,4,1996-07-08 00:00:00.000,1996-08-05 00:00:00.000,1996-07-12 00:00:00.000,2,65.83,Hanari Carnes,Rua do Paço 67,Rio de Janeiro,RJ,05454-876,Brazil
10251,VICTE,3,1996-07-08 00:00:00.000,1996-08-05 00:00:00.000,1996-07-15 00:00:00.000,1,41.34,Victuailles en stock,2 rue du Commerce,Lyon,NULL,69004,France
10252,SUPRD,4,1996-07-09 00:00:00.000,1996-08-06 00:00:00.000,1996-07-11 00:00:00.000,2,51.30,Suprêmes délices,Boulevard Tirou 255,Charleroi,NULL,B-6000,Belgium
10253,HANAR,3,1996-07-10 00:00:00.000,1996-07-24 00:00:00.000,1996-07-16 00:00:00.000,2,58.17,Hanari Carnes,Rua do Paço 67,Rio de Janeiro,RJ,05454-876,Brazil
10254,CHOPS,5,1996-07-11 00:00:00.000,1996-08-08 00:00:00.000,1996-07-23 00:00:00.000,2,22.98,Chop-suey Chinese,Hauptstr. 31,Bern,NULL,3012,Switzerland
10255,RICSU,9,1996-07-12 00:00:00.000,1996-08-09 00:00:00.000,1996-07-15 00:00:00.000,3,148.33,Richter Supermarkt,Starenweg 5,Genève,NULL,1204,Switzerland
10256,WELLI,3,1996-07-15 00:00:00.000,1996-08-12 00:00:00.000,1996-07-17 00:00:00.000,2,13.97,Wellington Importadora,Rua do Mercado 12,Resende,SP,08737-363,Brazil
10257,HILAA,4,1996-07-16 00:00:00.000,1996-08-13 00:00:00.000,1996-07-22 00:00:00.000,3,81.91,HILARION-Abastos,Carrera 22 con Ave. Carlos Soublette #8-35,San Cristóbal,Táchira,5022,Venezuela
10258,ERNSH,1,1996-07-17 00:00:00.000,1996-08-14 00:00:00.000,1996-07-23 00:00:00.000,1,140.51,Ernst Handel,Kirchgasse 6,Graz,NULL,8010,Austria
10259,CENTC,4,1996-07-18 00:00:00.000,1996-08-15 00:00:00.000,1996-07-25 00:00:00.000,3,3.25,Centro comercial Moctezuma,Sierras de Granada 9993,México D.F.,NULL,05022,Mexico
10260,OTTIK,4,1996-07-19 00:00:00.000,1996-08-16 00:00:00.000,1996-07-29 00:00:00.000,1,55.09,Ottilies Käseladen,Mehrheimerstr. 369,Köln,NULL,50739,Germany
10261,QUEDE,4,1996-07-19 00:00:00.000,1996-08-16 00:00:00.000,1996-07-30 00:00:00.000,2,3.05,Que Delícia,Rua da Panificadora 12,Rio de Janeiro,RJ,02389-673,Brazil
10262,RATTC,8,1996-07-22 00:00:00.000,1996-08-19 00:00:00.000,1996-07-25 00:00:00.000,3,48.29,Rattlesnake Canyon Grocery,2817 Milton Dr.,Albuquerque,NM,87110,USA
10263,ERNSH,9,1996-07-23 00:00:00.000,1996-08-20 00:00:00.000,1996-07-31 00:00:00.000,3,146.06,Ernst Handel,Kirchgasse 6,Graz,NULL,8010,Austria
10264,FOLKO,6,1996-07-24 00:00:00.000,1996-08-21 00:00:00.000,1996-08-23 00:00:00.000,3,3.67,Folk och fä HB,Åkergatan 24,Bräcke,NULL,S-844 67,Sweden
10265,BLONP,2,1996-07-25 00:00:00.000,1996-08-22 00:00:00.000,1996-08-12 00:00:00.000,1,55.28,Blondel père et fils,24 place Kléber,Strasbourg,NULL,67000,France
10266,WARTH,3,1996-07-26 00:00:00.000,1996-09-06 00:00:00.000,1996-07-31 00:00:00.000,3,25.73,Wartian Herkku,Torikatu 38,Oulu,NULL,90110,Finland
10267,FRANK,4,1996-07-29 00:00:00.000,1996-08-26 00:00:00.000,1996-08-06 00:00:00.000,1,208.58,Frankenversand,Berliner Platz 43,München,NULL,80805,Germany
10268,GROSR,8,1996-07-30 00:00:00.000,1996-08-27 00:00:00.000,1996-08-02 00:00:00.000,3,66.29,GROSELLA-Restaurante,5ª Ave. Los Palos Grandes,Caracas,DF,1081,Venezuela
10269,WHITC,5,1996-07-31 00:00:00.000,1996-08-14 00:00:00.000,1996-08-09 00:00:00.000,1,4.56,White Clover Markets,1029 - 12th Ave. S.,Seattle,WA,98124,USA
10270,WARTH,1,1996-08-01 00:00:00.000,1996-08-29 00:00:00.000,1996-08-02 00:00:00.000,1,136.54,Wartian Herkku,Torikatu 38,Oulu,NULL,90110,Finland
10271,SPLIR,6,1996-08-01 00:00:00.000,1996-08-29 00:00:00.000,1996-08-30 00:00:00.000,2,4.54,Split Rail Beer & Ale,P.O. Box 555,Lander,WY,82520,USA
10272,RATTC,6,1996-08-02 00:00:00.000,1996-08-30 00:00:00.000,1996-08-06 00:00:00.000,2,98.03,Rattlesnake Canyon Grocery,2817 Milton Dr.,Albuquerque,NM,87110,USA
10273,QUICK,3,1996-08-05 00:00:00.000,1996-09-02 00:00:00.000,1996-08-12 00:00:00.000,3,76.07,QUICK-Stop,Taucherstraße 10,Cunewalde,NULL,01307,Germany
10274,VINET,6,1996-08-06 00:00:00.000,1996-09-03 00:00:00.000,1996-08-16 00:00:00.000,1,6.01,Vins et alcools Chevalier,59 rue de l'Abbaye,Reims,NULL,51100,France
10275,MAGAA,1,1996-08-07 00:00:00.000,1996-09-04 00:00:00.000,1996-08-09 00:00:00.000,1,26.93,Magazzini Alimentari Riuniti,Via Ludovico il Moro 22,Bergamo,NULL,24100,Italy
10276,TORTU,8,1996-08-08 00:00:00.000,1996-08-22 00:00:00.000,1996-08-14 00:00:00.000,3,13.84,Tortuga Restaurante,Avda. Azteca 123,México D.F.,NULL,05033,Mexico
10277,MORGK,2,1996-08-09 00:00:00.000,1996-09-06 00:00:00.000,1996-08-13 00:00:00.000,3,125.77,Morgenstern Gesundkost,Heerstr. 22,Leipzig,NULL,04179,Germany
10278,BERGS,8,1996-08-12 00:00:00.000,1996-09-09 00:00:00.000,1996-08-16 00:00:00.000,2,92.69,Berglunds snabbköp,Berguvsvägen  8,Luleå,NULL,S-958 22,Sweden
10279,LEHMS,8,1996-08-13 00:00:00.000,1996-09-10 00:00:00.000,1996-08-16 00:00:00.000,2,25.83,Lehmanns Marktstand,Magazinweg 7,Frankfurt a.M.,NULL,60528,Germany
10280,BERGS,2,1996-08-14 00:00:00.000,1996-09-11 00:00:00.000,1996-09-12 00:00:00.000,1,8.98,Berglunds snabbköp,Berguvsvägen  8,Luleå,NULL,S-958 22,Sweden
10281,ROMEY,4,1996-08-14 00:00:00.000,1996-08-28 00:00:00.000,1996-08-21 00:00:00.000,1,2.94,Romero y tomillo,Gran Vía 1,Madrid,NULL,28001,Spain
10282,ROMEY,4,1996-08-15 00:00:00.000,1996-09-12 00:00:00.000,1996-08-21 00:00:00.000,1,12.69,Romero y tomillo,Gran Vía 1,Madrid,NULL,28001,Spain
10283,LILAS,3,1996-08-16 00:00:00.000,1996-09-13 00:00:00.000,1996-08-23 00:00:00.000,3,84.81,LILA-Supermercado,Carrera 52 con Ave. Bolívar #65-98 Llano Largo,Barquisimeto,Lara,3508,Venezuela
10284,LEHMS,4,1996-08-19 00:00:00.000,1996-09-16 00:00:00.000,1996-08-27 00:00:00.000,1,76.56,Lehmanns Marktstand,Magazinweg 7,Frankfurt a.M.,NULL,60528,Germany
10285,QUICK,1,1996-08-20 00:00:00.000,1996-09-17 00:00:00.000,1996-08-26 00:00:00.000,2,76.83,QUICK-Stop,Taucherstraße 10,Cunewalde,NULL,01307,Germany
10286,QUICK,8,1996-08-21 00:00:00.000,1996-09-18 00:00:00.000,1996-08-30 00:00:00.000,3,229.24,QUICK-Stop,Taucherstraße 10,Cunewalde,NULL,01307,Germany
10287,RICAR,8,1996-08-22 00:00:00.000,1996-09-19 00:00:00.000,1996-08-28 00:00:00.000,3,12.76,Ricardo Adocicados,Av. Copacabana 267,Rio de Janeiro,RJ,02389-890,Brazil
10288,REGGC,4,1996-08-23 00:00:00.000,1996-09-20 00:00:00.000,1996-09-03 00:00:00.000,1,7.45,Reggiani Caseifici,Strada Provinciale 124,Reggio Emilia,NULL,42100,Italy
10289,BSBEV,7,1996-08-26 00:00:00.000,1996-09-23 00:00:00.000,1996-08-28 00:00:00.000,3,22.77,B's Beverages,Fauntleroy Circus,London,NULL,EC2 5NT,UK
10290,COMMI,8,1996-08-27 00:00:00.000,1996-09-24 00:00:00.000,1996-09-03 00:00:00.000,1,79.70,Comércio Mineiro,Av. dos Lusíadas 23,Sao Paulo,SP,05432-043,Brazil
10291,QUEDE,6,1996-08-27 00:00:00.000,1996-09-24 00:00:00.000,1996-09-04 00:00:00.000,2,6.40,Que Delícia,Rua da Panificadora 12,Rio de Janeiro,RJ,02389-673,Brazil
10292,TRADH,1,1996-08-28 00:00:00.000,1996-09-25 00:00:00.000,1996-09-02 00:00:00.000,2,1.35,Tradiçao Hipermercados,Av. Inês de Castro 414,Sao Paulo,SP,05634-030,Brazil
10293,TORTU,1,1996-08-29 00:00:00.000,1996-09-26 00:00:00.000,1996-09-11 00:00:00.000,3,21.18,Tortuga Restaurante,Avda. Azteca 123,México D.F.,NULL,05033,Mexico
10294,RATTC,4,1996-08-30 00:00:00.000,1996-09-27 00:00:00.000,1996-09-05 00:00:00.000,2,147.26,Rattlesnake Canyon Grocery,2817 Milton Dr.,Albuquerque,NM,87110,USA
10295,VINET,2,1996-09-02 00:00:00.000,1996-09-30 00:00:00.000,1996-09-10 00:00:00.000,2,1.15,Vins et alcools Chevalier,59 rue de l'Abbaye,Reims,NULL,51100,France
10296,LILAS,6,1996-09-03 00:00:00.000,1996-10-01 00:00:00.000,1996-09-11 00:00:00.000,1,0.12,LILA-Supermercado,Carrera 52 con Ave. Bolívar #65-98 Llano Largo,Barquisimeto,Lara,3508,Venezuela
10297,BLONP,5,1996-09-04 00:00:00.000,1996-10-16 00:00:00.000,1996-09-10 00:00:00.000,2,5.74,Blondel père et fils,24 place Kléber,Strasbourg,NULL,67000,France
10298,HUNGO,6,1996-09-05 00:00:00.000,1996-10-03 00:00:00.000,1996-09-11 00:00:00.000,2,168.22,Hungry Owl All-Night Grocers,8 Johnstown Road,Cork,Co. Cork,NULL,Ireland
10299,RICAR,4,1996-09-06 00:00:00.000,1996-10-04 00:00:00.000,1996-09-13 00:00:00.000,2,29.76,Ricardo Adocicados,Av. Copacabana 267,Rio de Janeiro,RJ,02389-890,Brazil
10300,MAGAA,2,1996-09-09 00:00:00.000,1996-10-07 00:00:00.000,1996-09-18 00:00:00.000,2,17.68,Magazzini Alimentari Riuniti,Via Ludovico il Moro 22,Bergamo,NULL,24100,Italy
10301,WANDK,8,1996-09-09 00:00:00.000,1996-10-07 00:00:00.000,1996-09-17 00:00:00.000,2,45.08,Die Wandernde Kuh,Adenauerallee 900,Stuttgart,NULL,70563,Germany
10302,SUPRD,4,1996-09-10 00:00:00.000,1996-10-08 00:00:00.000,1996-10-09 00:00:00.000,2,6.27,Suprêmes délices,Boulevard Tirou 255,Charleroi,NULL,B-6000,Belgium
10303,GODOS,7,1996-09-11 00:00:00.000,1996-10-09 00:00:00.000,1996-09-18 00:00:00.000,2,107.83,Godos Cocina Típica,C/ Romero 33,Sevilla,NULL,41101,Spain
10304,TORTU,1,1996-09-12 00:00:00.000,1996-10-10 00:00:00.000,1996-09-17 00:00:00.000,2,63.79,Tortuga Restaurante,Avda. Azteca 123,México D.F.,NULL,05033,Mexico
10305,OLDWO,8,1996-09-13 00:00:00.000,1996-10-11 00:00:00.000,1996-10-09 00:00:00.000,3,257.62,Old World Delicatessen,2743 Bering St.,Anchorage,AK,99508,USA
10306,ROMEY,1,1996-09-16 00:00:00.000,1996-10-14 00:00:00.000,1996-09-23 00:00:00.000,3,7.56,Romero y tomillo,Gran Vía 1,Madrid,NULL,28001,Spain
10307,LONEP,2,1996-09-17 00:00:00.000,1996-10-15 00:00:00.000,1996-09-25 00:00:00.000,2,0.56,Lonesome Pine Restaurant,89 Chiaroscuro Rd.,Portland,OR,97219,USA
10308,ANATR,7,1996-09-18 00:00:00.000,1996-10-16 00:00:00.000,1996-09-24 00:00:00.000,3,1.61,Ana Trujillo Emparedados y helados,Avda. de la Constitución 2222,México D.F.,NULL,05021,Mexico
10309,HUNGO,3,1996-09-19 00:00:00.000,1996-10-17 00:00:00.000,1996-10-23 00:00:00.000,1,47.30,Hungry Owl All-Night Grocers,8 Johnstown Road,Cork,Co. Cork,NULL,Ireland
10310,THEBI,8,1996-09-20 00:00:00.000,1996-10-18 00:00:00.000,1996-09-27 00:00:00.000,2,17.52,The Big Cheese,89 Jefferson Way Suite 2,Portland,OR,97201,USA
10311,DUMON,1,1996-09-20 00:00:00.000,1996-10-04 00:00:00.000,1996-09-26 00:00:00.000,3,24.69,Du monde entier,67 rue des Cinquante Otages,Nantes,NULL,44000,France
10312,WANDK,2,1996-09-23 00:00:00.000,1996-10-21 00:00:00.000,1996-10-03 00:00:00.000,2,40.26,Die Wandernde Kuh,Adenauerallee 900,Stuttgart,NULL,70563,Germany
10313,QUICK,2,1996-09-24 00:00:00.000,1996-10-22 00:00:00.000,1996-10-04 00:00:00.000,2,1.96,QUICK-Stop,Taucherstraße 10,Cunewalde,NULL,01307,Germany
10314,RATTC,1,1996-09-25 00:00:00.000,1996-10-23 00:00:00.000,1996-10-04 00:00:00.000,2,74.16,Rattlesnake Canyon Grocery,2817 Milton Dr.,Albuquerque,NM,87110,USA
10315,ISLAT,4,1996-09-26 00:00:00.000,1996-10-24 00:00:00.000,1996-10-03 00:00:00.000,2,41.76,Island Trading,Garden House Crowther Way,Cowes,Isle of Wight,PO31 7PJ,UK
10316,RATTC,1,1996-09-27 00:00:00.000,1996-10-25 00:00:00.000,1996-10-08 00:00:00.000,3,150.15,Rattlesnake Canyon Grocery,2817 Milton Dr.,Albuquerque,NM,87110,USA
10317,LONEP,6,1996-09-30 00:00:00.000,1996-10-28 00:00:00.000,1996-10-10 00:00:00.000,1,12.69,Lonesome Pine Restaurant,89 Chiaroscuro Rd.,Portland,OR,97219,USA
10318,ISLAT,8,1996-10-01 00:00:00.000,1996-10-29 00:00:00.000,1996-10-04 00:00:00.000,2,4.73,Island Trading,Garden House Crowther Way,Cowes,Isle of Wight,PO31 7PJ,UK
10319,TORTU,7,1996-10-02 00:00:00.000,1996-10-30 00:00:00.000,1996-10-11 00:00:00.000,3,64.50,Tortuga Restaurante,Avda. Azteca 123,México D.F.,NULL,05033,Mexico
10320,WARTH,5,1996-10-03 00:00:00.000,1996-10-17 00:00:00.000,1996-10-18 00:00:00.000,3,34.57,Wartian Herkku,Torikatu 38,Oulu,NULL,90110,Finland
10321,ISLAT,3,1996-10-03 00:00:00.000,1996-10-31 00:00:00.000,1996-10-11 00:00:00.000,2,3.43,Island Trading,Garden House Crowther Way,Cowes,Isle of Wight,PO31 7PJ,UK
10322,PERIC,7,1996-10-04 00:00:00.000,1996-11-01 00:00:00.000,1996-10-23 00:00:00.000,3,0.40,Pericles Comidas clásicas,Calle Dr. Jorge Cash 321,México D.F.,NULL,05033,Mexico
10323,KOENE,4,1996-10-07 00:00:00.000,1996-11-04 00:00:00.000,1996-10-14 00:00:00.000,1,4.88,Königlich Essen,Maubelstr. 90,Brandenburg,NULL,14776,Germany
10324,SAVEA,9,1996-10-08 00:00:00.000,1996-11-05 00:00:00.000,1996-10-10 00:00:00.000,1,214.27,Save-a-lot Markets,187 Suffolk Ln.,Boise,ID,83720,USA
10325,KOENE,1,1996-10-09 00:00:00.000,1996-10-23 00:00:00.000,1996-10-14 00:00:00.000,3,64.86,Königlich Essen,Maubelstr. 90,Brandenburg,NULL,14776,Germany
10326,BOLID,4,1996-10-10 00:00:00.000,1996-11-07 00:00:00.000,1996-10-14 00:00:00.000,2,77.92,Bólido Comidas preparadas,C/ Araquil 67,Madrid,NULL,28023,Spain
10327,FOLKO,2,1996-10-11 00:00:00.000,1996-11-08 00:00:00.000,1996-10-14 00:00:00.000,1,63.36,Folk och fä HB,Åkergatan 24,Bräcke,NULL,S-844 67,Sweden
10328,FURIB,4,1996-10-14 00:00:00.000,1996-11-11 00:00:00.000,1996-10-17 00:00:00.000,3,87.03,Furia Bacalhau e Frutos do Mar,Jardim das rosas n. 32,Lisboa,NULL,1675,Portugal
10329,SPLIR,4,1996-10-15 00:00:00.000,1996-11-26 00:00:00.000,1996-10-23 00:00:00.000,2,191.67,Split Rail Beer & Ale,P.O. Box 555,Lander,WY,82520,USA
10330,LILAS,3,1996-10-16 00:00:00.000,1996-11-13 00:00:00.000,1996-10-28 00:00:00.000,1,12.75,LILA-Supermercado,Carrera 52 con Ave. Bolívar #65-98 Llano Largo,Barquisimeto,Lara,3508,Venezuela
10331,BONAP,9,1996-10-16 00:00:00.000,1996-11-27 00:00:00.000,1996-10-21 00:00:00.000,1,10.19,Bon app',12 rue des Bouchers,Marseille,NULL,13008,France
10332,MEREP,3,1996-10-17 00:00:00.000,1996-11-28 00:00:00.000,1996-10-21 00:00:00.000,2,52.84,Mère Paillarde,43 rue St. Laurent,Montréal,Québec,H1J 1C3,Canada
10333,WARTH,5,1996-10-18 00:00:00.000,1996-11-15 00:00:00.000,1996-10-25 00:00:00.000,3,0.59,Wartian Herkku,Torikatu 38,Oulu,NULL,90110,Finland
10334,VICTE,8,1996-10-21 00:00:00.000,1996-11-18 00:00:00.000,1996-10-28 00:00:00.000,2,8.56,Victuailles en stock,2 rue du Commerce,Lyon,NULL,69004,France
10335,HUNGO,7,1996-10-22 00:00:00.000,1996-11-19 00:00:00.000,1996-10-24 00:00:00.000,2,42.11,Hungry Owl All-Night Grocers,8 Johnstown Road,Cork,Co. Cork,NULL,Ireland
10336,PRINI,7,1996-10-23 00:00:00.000,1996-11-20 00:00:00.000,1996-10-25 00:00:00.000,2,15.51,Princesa Isabel Vinhos,Estrada da saúde n. 58,Lisboa,NULL,1756,Portugal
10337,FRANK,4,1996-10-24 00:00:00.000,1996-11-21 00:00:00.000,1996-10-29 00:00:00.000,3,108.26,Frankenversand,Berliner Platz 43,München,NULL,80805,Germany
10338,OLDWO,4,1996-10-25 00:00:00.000,1996-11-22 00:00:00.000,1996-10-29 00:00:00.000,3,84.21,Old World Delicatessen,2743 Bering St.,Anchorage,AK,99508,USA
10339,MEREP,2,1996-10-28 00:00:00.000,1996-11-25 00:00:00.000,1996-11-04 00:00:00.000,2,15.66,Mère Paillarde,43 rue St. Laurent,Montréal,Québec,H1J 1C3,Canada
10340,BONAP,1,1996-10-29 00:00:00.000,1996-11-26 00:00:00.000,1996-11-08 00:00:00.000,3,166.31,Bon app',12 rue des Bouchers,Marseille,NULL,13008,France
10341,SIMOB,7,1996-10-29 00:00:00.000,1996-11-26 00:00:00.000,1996-11-05 00:00:00.000,3,26.78,Simons bistro,Vinbæltet 34,Kobenhavn,NULL,1734,Denmark
10342,FRANK,4,1996-10-30 00:00:00.000,1996-11-13 00:00:00.000,1996-11-04 00:00:00.000,2,54.83,Frankenversand,Berliner Platz 43,München,NULL,80805,Germany
10343,LEHMS,4,1996-10-31 00:00:00.000,1996-11-28 00:00:00.000,1996-11-06 00:00:00.000,1,110.37,Lehmanns Marktstand,Magazinweg 7,Frankfurt a.M.,NULL,60528,Germany
10344,WHITC,4,1996-11-01 00:00:00.000,1996-11-29 00:00:00.000,1996-11-05 00:00:00.000,2,23.29,White Clover Markets,1029 - 12th Ave. S.,Seattle,WA,98124,USA
10345,QUICK,2,1996-11-04 00:00:00.000,1996-12-02 00:00:00.000,1996-11-11 00:00:00.000,2,249.06,QUICK-Stop,Taucherstraße 10,Cunewalde,NULL,01307,Germany
10346,RATTC,3,1996-11-05 00:00:00.000,1996-12-17 00:00:00.000,1996-11-08 00:00:00.000,3,142.08,Rattlesnake Canyon Grocery,2817 Milton Dr.,Albuquerque,NM,87110,USA
10347,FAMIA,4,1996-11-06 00:00:00.000,1996-12-04 00:00:00.000,1996-11-08 00:00:00.000,3,3.10,Familia Arquibaldo,Rua Orós 92,Sao Paulo,SP,05442-030,Brazil
10348,WANDK,4,1996-11-07 00:00:00.000,1996-12-05 00:00:00.000,1996-11-15 00:00:00.000,2,0.78,Die Wandernde Kuh,Adenauerallee 900,Stuttgart,NULL,70563,Germany
10349,SPLIR,7,1996-11-08 00:00:00.000,1996-12-06 00:00:00.000,1996-11-15 00:00:00.000,1,8.63,Split Rail Beer & Ale,P.O. Box 555,Lander,WY,82520,USA
10350,LAMAI,6,1996-11-11 00:00:00.000,1996-12-09 00:00:00.000,1996-12-03 00:00:00.000,2,64.19,La maison d'Asie,1 rue Alsace-Lorraine,Toulouse,NULL,31000,France
10351,ERNSH,1,1996-11-11 00:00:00.000,1996-12-09 00:00:00.000,1996-11-20 00:00:00.000,1,162.33,Ernst Handel,Kirchgasse 6,Graz,NULL,8010,Austria
10352,FURIB,3,1996-11-12 00:00:00.000,1996-11-26 00:00:00.000,1996-11-18 00:00:00.000,3,1.30,Furia Bacalhau e Frutos do Mar,Jardim das rosas n. 32,Lisboa,NULL,1675,Portugal
10353,PICCO,7,1996-11-13 00:00:00.000,1996-12-11 00:00:00.000,1996-11-25 00:00:00.000,3,360.63,Piccolo und mehr,Geislweg 14,Salzburg,NULL,5020,Austria
10354,PERIC,8,1996-11-14 00:00:00.000,1996-12-12 00:00:00.000,1996-11-20 00:00:00.000,3,53.80,Pericles Comidas clásicas,Calle Dr. Jorge Cash 321,México D.F.,NULL,05033,Mexico
10355,AROUT,6,1996-11-15 00:00:00.000,1996-12-13 00:00:00.000,1996-11-20 00:00:00.000,1,41.95,Around the Horn,Brook Farm Stratford St. Mary,Colchester,Essex,CO7 6JX,UK
10356,WANDK,6,1996-11-18 00:00:00.000,1996-12-16 00:00:00.000,1996-11-27 00:00:00.000,2,36.71,Die Wandernde Kuh,Adenauerallee 900,Stuttgart,NULL,70563,Germany
10357,LILAS,1,1996-11-19 00:00:00.000,1996-12-17 00:00:00.000,1996-12-02 00:00:00.000,3,34.88,LILA-Supermercado,Carrera 52 con Ave. Bolívar #65-98 Llano Largo,Barquisimeto,Lara,3508,Venezuela
10358,LAMAI,5,1996-11-20 00:00:00.000,1996-12-18 00:00:00.000,1996-11-27 00:00:00.000,1,19.64,La maison d'Asie,1 rue Alsace-Lorraine,Toulouse,NULL,31000,France
10359,SEVES,5,1996-11-21 00:00:00.000,1996-12-19 00:00:00.000,1996-11-26 00:00:00.000,3,288.43,Seven Seas Imports,90 Wadhurst Rd.,London,NULL,OX15 4NB,UK
10360,BLONP,4,1996-11-22 00:00:00.000,1996-12-20 00:00:00.000,1996-12-02 00:00:00.000,3,131.70,Blondel père et fils,24 place Kléber,Strasbourg,NULL,67000,France
10361,QUICK,1,1996-11-22 00:00:00.000,1996-12-20 00:00:00.000,1996-12-03 00:00:00.000,2,183.17,QUICK-Stop,Taucherstraße 10,Cunewalde,NULL,01307,Germany
10362,BONAP,3,1996-11-25 00:00:00.000,1996-12-23 00:00:00.000,1996-11-28 00:00:00.000,1,96.04,Bon app',12 rue des Bouchers,Marseille,NULL,13008,France
10363,DRACD,4,1996-11-26 00:00:00.000,1996-12-24 00:00:00.000,1996-12-04 00:00:00.000,3,30.54,Drachenblut Delikatessen,Walserweg 21,Aachen,NULL,52066,Germany
10364,EASTC,1,1996-11-26 00:00:00.000,1997-01-07 00:00:00.000,1996-12-04 00:00:00.000,1,71.97,Eastern Connection,35 King George,London,NULL,WX3 6FW,UK
10365,ANTON,3,1996-11-27 00:00:00.000,1996-12-25 00:00:00.000,1996-12-02 00:00:00.000,2,22.00,Antonio Moreno Taquería,Mataderos  2312,México D.F.,NULL,05023,Mexico
10366,GALED,8,1996-11-28 00:00:00.000,1997-01-09 00:00:00.000,1996-12-30 00:00:00.000,2,10.14,Galería del gastronómo,Rambla de Cataluña 23,Barcelona,NULL,8022,Spain
10367,VAFFE,7,1996-11-28 00:00:00.000,1996-12-26 00:00:00.000,1996-12-02 00:00:00.000,3,13.55,Vaffeljernet,Smagsloget 45,Århus,NULL,8200,Denmark
10368,ERNSH,2,1996-11-29 00:00:00.000,1996-12-27 00:00:00.000,1996-12-02 00:00:00.000,2,101.95,Ernst Handel,Kirchgasse 6,Graz,NULL,8010,Austria
10369,SPLIR,8,1996-12-02 00:00:00.000,1996-12-30 00:00:00.000,1996-12-09 00:00:00.000,2,195.68,Split Rail Beer & Ale,P.O. Box 555,Lander,WY,82520,USA
10370,CHOPS,6,1996-12-03 00:00:00.000,1996-12-31 00:00:00.000,1996-12-27 00:00:00.000,2,1.17,Chop-suey Chinese,Hauptstr. 31,Bern,NULL,3012,Switzerland
10371,LAMAI,1,1996-12-03 00:00:00.000,1996-12-31 00:00:00.000,1996-12-24 00:00:00.000,1,0.45,La maison d'Asie,1 rue Alsace-Lorraine,Toulouse,NULL,31000,France
10372,QUEEN,5,1996-12-04 00:00:00.000,1997-01-01 00:00:00.000,1996-12-09 00:00:00.000,2,890.78,Queen Cozinha,Alameda dos Canàrios 891,Sao Paulo,SP,05487-020,Brazil
10373,HUNGO,4,1996-12-05 00:00:00.000,1997-01-02 00:00:00.000,1996-12-11 00:00:00.000,3,124.12,Hungry Owl All-Night Grocers,8 Johnstown Road,Cork,Co. Cork,NULL,Ireland
10374,WOLZA,1,1996-12-05 00:00:00.000,1997-01-02 00:00:00.000,1996-12-09 00:00:00.000,3,3.94,Wolski Zajazd,ul. Filtrowa 68,Warszawa,NULL,01-012,Poland
10375,HUNGC,3,1996-12-06 00:00:00.000,1997-01-03 00:00:00.000,1996-12-09 00:00:00.000,2,20.12,Hungry Coyote Import Store,City Center Plaza 516 Main St.,Elgin,OR,97827,USA
10376,MEREP,1,1996-12-09 00:00:00.000,1997-01-06 00:00:00.000,1996-12-13 00:00:00.000,2,20.39,Mère Paillarde,43 rue St. Laurent,Montréal,Québec,H1J 1C3,Canada
10377,SEVES,1,1996-12-09 00:00:00.000,1997-01-06 00:00:00.000,1996-12-13 00:00:00.000,3,22.21,Seven Seas Imports,90 Wadhurst Rd.,London,NULL,OX15 4NB,UK
10378,FOLKO,5,1996-12-10 00:00:00.000,1997-01-07 00:00:00.000,1996-12-19 00:00:00.000,3,5.44,Folk och fä HB,Åkergatan 24,Bräcke,NULL,S-844 67,Sweden
10379,QUEDE,2,1996-12-11 00:00:00.000,1997-01-08 00:00:00.000,1996-12-13 00:00:00.000,1,45.03,Que Delícia,Rua da Panificadora 12,Rio de Janeiro,RJ,02389-673,Brazil
10380,HUNGO,8,1996-12-12 00:00:00.000,1997-01-09 00:00:00.000,1997-01-16 00:00:00.000,3,35.03,Hungry Owl All-Night Grocers,8 Johnstown Road,Cork,Co. Cork,NULL,Ireland
10381,LILAS,3,1996-12-12 00:00:00.000,1997-01-09 00:00:00.000,1996-12-13 00:00:00.000,3,7.99,LILA-Supermercado,Carrera 52 con Ave. Bolívar #65-98 Llano Largo,Barquisimeto,Lara,3508,Venezuela
10382,ERNSH,4,1996-12-13 00:00:00.000,1997-01-10 00:00:00.000,1996-12-16 00:00:00.000,1,94.77,Ernst Handel,Kirchgasse 6,Graz,NULL,8010,Austria
10383,AROUT,8,1996-12-16 00:00:00.000,1997-01-13 00:00:00.000,1996-12-18 00:00:00.000,3,34.24,Around the Horn,Brook Farm Stratford St. Mary,Colchester,Essex,CO7 6JX,UK
10384,BERGS,3,1996-12-16 00:00:00.000,1997-01-13 00:00:00.000,1996-12-20 00:00:00.000,3,168.64,Berglunds snabbköp,Berguvsvägen  8,Luleå,NULL,S-958 22,Sweden
10385,SPLIR,1,1996-12-17 00:00:00.000,1997-01-14 00:00:00.000,1996-12-23 00:00:00.000,2,30.96,Split Rail Beer & Ale,P.O. Box 555,Lander,WY,82520,USA
10386,FAMIA,9,1996-12-18 00:00:00.000,1997-01-01 00:00:00.000,1996-12-25 00:00:00.000,3,13.99,Familia Arquibaldo,Rua Orós 92,Sao Paulo,SP,05442-030,Brazil
10387,SANTG,1,1996-12-18 00:00:00.000,1997-01-15 00:00:00.000,1996-12-20 00:00:00.000,2,93.63,Santé Gourmet,Erling Skakkes gate 78,Stavern,NULL,4110,Norway
10388,SEVES,2,1996-12-19 00:00:00.000,1997-01-16 00:00:00.000,1996-12-20 00:00:00.000,1,34.86,Seven Seas Imports,90 Wadhurst Rd.,London,NULL,OX15 4NB,UK
10389,BOTTM,4,1996-12-20 00:00:00.000,1997-01-17 00:00:00.000,1996-12-24 00:00:00.000,2,47.42,Bottom-Dollar Markets,23 Tsawassen Blvd.,Tsawassen,BC,T2F 8M4,Canada
10390,ERNSH,6,1996-12-23 00:00:00.000,1997-01-20 00:00:00.000,1996-12-26 00:00:00.000,1,126.38,Ernst Handel,Kirchgasse 6,Graz,NULL,8010,Austria
10391,DRACD,3,1996-12-23 00:00:00.000,1997-01-20 00:00:00.000,1996-12-31 00:00:00.000,3,5.45,Drachenblut Delikatessen,Walserweg 21,Aachen,NULL,52066,Germany
10392,PICCO,2,1996-12-24 00:00:00.000,1997-01-21 00:00:00.000,1997-01-01 00:00:00.000,3,122.46,Piccolo und mehr,Geislweg 14,Salzburg,NULL,5020,Austria
10393,SAVEA,1,1996-12-25 00:00:00.000,1997-01-22 00:00:00.000,1997-01-03 00:00:00.000,3,126.56,Save-a-lot Markets,187 Suffolk Ln.,Boise,ID,83720,USA
10394,HUNGC,1,1996-12-25 00:00:00.000,1997-01-22 00:00:00.000,1997-01-03 00:00:00.000,3,30.34,Hungry Coyote Import Store,City Center Plaza 516 Main St.,Elgin,OR,97827,USA
10395,HILAA,6,1996-12-26 00:00:00.000,1997-01-23 00:00:00.000,1997-01-03 00:00:00.000,1,184.41,HILARION-Abastos,Carrera 22 con Ave. Carlos Soublette #8-35,San Cristóbal,Táchira,5022,Venezuela
10396,FRANK,1,1996-12-27 00:00:00.000,1997-01-10 00:00:00.000,1997-01-06 00:00:00.000,3,135.35,Frankenversand,Berliner Platz 43,München,NULL,80805,Germany
10397,PRINI,5,1996-12-27 00:00:00.000,1997-01-24 00:00:00.000,1997-01-02 00:00:00.000,1,60.26,Princesa Isabel Vinhos,Estrada da saúde n. 58,Lisboa,NULL,1756,Portugal
10398,SAVEA,2,1996-12-30 00:00:00.000,1997-01-27 00:00:00.000,1997-01-09 00:00:00.000,3,89.16,Save-a-lot Markets,187 Suffolk Ln.,Boise,ID,83720,USA
10399,VAFFE,8,1996-12-31 00:00:00.000,1997-01-14 00:00:00.000,1997-01-08 00:00:00.000,3,27.36,Vaffeljernet,Smagsloget 45,Århus,NULL,8200,Denmark
10400,EASTC,1,1997-01-01 00:00:00.000,1997-01-29 00:00:00.000,1997-01-16 00:00:00.000,3,83.93,Eastern Connection,35 King George,London,NULL,WX3 6FW,UK
10401,RATTC,1,1997-01-01 00:00:00.000,1997-01-29 00:00:00.000,1997-01-10 00:00:00.000,1,12.51,Rattlesnake Canyon Grocery,2817 Milton Dr.,Albuquerque,NM,87110,USA
10402,ERNSH,8,1997-01-02 00:00:00.000,1997-02-13 00:00:00.000,1997-01-10 00:00:00.000,2,67.88,Ernst Handel,Kirchgasse 6,Graz,NULL,8010,Austria
10403,ERNSH,4,1997-01-03 00:00:00.000,1997-01-31 00:00:00.000,1997-01-09 00:00:00.000,3,73.79,Ernst Handel,Kirchgasse 6,Graz,NULL,8010,Austria
10404,MAGAA,2,1997-01-03 00:00:00.000,1997-01-31 00:00:00.000,1997-01-08 00:00:00.000,1,155.97,Magazzini Alimentari Riuniti,Via Ludovico il Moro 22,Bergamo,NULL,24100,Italy
10405,LINOD,1,1997-01-06 00:00:00.000,1997-02-03 00:00:00.000,1997-01-22 00:00:00.000,1,34.82,LINO-Delicateses,Ave. 5 de Mayo Porlamar,I. de Margarita,Nueva Esparta,4980,Venezuela
10406,QUEEN,7,1997-01-07 00:00:00.000,1997-02-18 00:00:00.000,1997-01-13 00:00:00.000,1,108.04,Queen Cozinha,Alameda dos Canàrios 891,Sao Paulo,SP,05487-020,Brazil
10407,OTTIK,2,1997-01-07 00:00:00.000,1997-02-04 00:00:00.000,1997-01-30 00:00:00.000,2,91.48,Ottilies Käseladen,Mehrheimerstr. 369,Köln,NULL,50739,Germany
10408,FOLIG,8,1997-01-08 00:00:00.000,1997-02-05 00:00:00.000,1997-01-14 00:00:00.000,1,11.26,Folies gourmandes,184 chaussée de Tournai,Lille,NULL,59000,France
10409,OCEAN,3,1997-01-09 00:00:00.000,1997-02-06 00:00:00.000,1997-01-14 00:00:00.000,1,29.83,Océano Atlántico Ltda.,Ing. Gustavo Moncada 8585 Piso 20-A,Buenos Aires,NULL,1010,Argentina
10410,BOTTM,3,1997-01-10 00:00:00.000,1997-02-07 00:00:00.000,1997-01-15 00:00:00.000,3,2.40,Bottom-Dollar Markets,23 Tsawassen Blvd.,Tsawassen,BC,T2F 8M4,Canada
10411,BOTTM,9,1997-01-10 00:00:00.000,1997-02-07 00:00:00.000,1997-01-21 00:00:00.000,3,23.65,Bottom-Dollar Markets,23 Tsawassen Blvd.,Tsawassen,BC,T2F 8M4,Canada
10412,WARTH,8,1997-01-13 00:00:00.000,1997-02-10 00:00:00.000,1997-01-15 00:00:00.000,2,3.77,Wartian Herkku,Torikatu 38,Oulu,NULL,90110,Finland
10413,LAMAI,3,1997-01-14 00:00:00.000,1997-02-11 00:00:00.000,1997-01-16 00:00:00.000,2,95.66,La maison d'Asie,1 rue Alsace-Lorraine,Toulouse,NULL,31000,France
10414,FAMIA,2,1997-01-14 00:00:00.000,1997-02-11 00:00:00.000,1997-01-17 00:00:00.000,3,21.48,Familia Arquibaldo,Rua Orós 92,Sao Paulo,SP,05442-030,Brazil
10415,HUNGC,3,1997-01-15 00:00:00.000,1997-02-12 00:00:00.000,1997-01-24 00:00:00.000,1,0.20,Hungry Coyote Import Store,City Center Plaza 516 Main St.,Elgin,OR,97827,USA
10416,WARTH,8,1997-01-16 00:00:00.000,1997-02-13 00:00:00.000,1997-01-27 00:00:00.000,3,22.72,Wartian Herkku,Torikatu 38,Oulu,NULL,90110,Finland
10417,SIMOB,4,1997-01-16 00:00:00.000,1997-02-13 00:00:00.000,1997-01-28 00:00:00.000,3,70.29,Simons bistro,Vinbæltet 34,Kobenhavn,NULL,1734,Denmark
10418,QUICK,4,1997-01-17 00:00:00.000,1997-02-14 00:00:00.000,1997-01-24 00:00:00.000,1,17.55,QUICK-Stop,Taucherstraße 10,Cunewalde,NULL,01307,Germany
10419,RICSU,4,1997-01-20 00:00:00.000,1997-02-17 00:00:00.000,1997-01-30 00:00:00.000,2,137.35,Richter Supermarkt,Starenweg 5,Genève,NULL,1204,Switzerland
10420,WELLI,3,1997-01-21 00:00:00.000,1997-02-18 00:00:00.000,1997-01-27 00:00:00.000,1,44.12,Wellington Importadora,Rua do Mercado 12,Resende,SP,08737-363,Brazil
10421,QUEDE,8,1997-01-21 00:00:00.000,1997-03-04 00:00:00.000,1997-01-27 00:00:00.000,1,99.23,Que Delícia,Rua da Panificadora 12,Rio de Janeiro,RJ,02389-673,Brazil
10422,FRANS,2,1997-01-22 00:00:00.000,1997-02-19 00:00:00.000,1997-01-31 00:00:00.000,1,3.02,Franchi S.p.A.,Via Monte Bianco 34,Torino,NULL,10100,Italy
10423,GOURL,6,1997-01-23 00:00:00.000,1997-02-06 00:00:00.000,1997-02-24 00:00:00.000,3,24.50,Gourmet Lanchonetes,Av. Brasil 442,Campinas,SP,04876-786,Brazil
10424,MEREP,7,1997-01-23 00:00:00.000,1997-02-20 00:00:00.000,1997-01-27 00:00:00.000,2,370.61,Mère Paillarde,43 rue St. Laurent,Montréal,Québec,H1J 1C3,Canada
10425,LAMAI,6,1997-01-24 00:00:00.000,1997-02-21 00:00:00.000,1997-02-14 00:00:00.000,2,7.93,La maison d'Asie,1 rue Alsace-Lorraine,Toulouse,NULL,31000,France
10426,GALED,4,1997-01-27 00:00:00.000,1997-02-24 00:00:00.000,1997-02-06 00:00:00.000,1,18.69,Galería del gastronómo,Rambla de Cataluña 23,Barcelona,NULL,8022,Spain
10427,PICCO,4,1997-01-27 00:00:00.000,1997-02-24 00:00:00.000,1997-03-03 00:00:00.000,2,31.29,Piccolo und mehr,Geislweg 14,Salzburg,NULL,5020,Austria
10428,REGGC,7,1997-01-28 00:00:00.000,1997-02-25 00:00:00.000,1997-02-04 00:00:00.000,1,11.09,Reggiani Caseifici,Strada Provinciale 124,Reggio Emilia,NULL,42100,Italy
10429,HUNGO,3,1997-01-29 00:00:00.000,1997-03-12 00:00:00.000,1997-02-07 00:00:00.000,2,56.63,Hungry Owl All-Night Grocers,8 Johnstown Road,Cork,Co. Cork,NULL,Ireland
10430,ERNSH,4,1997-01-30 00:00:00.000,1997-02-13 00:00:00.000,1997-02-03 00:00:00.000,1,458.78,Ernst Handel,Kirchgasse 6,Graz,NULL,8010,Austria
10431,BOTTM,4,1997-01-30 00:00:00.000,1997-02-13 00:00:00.000,1997-02-07 00:00:00.000,2,44.17,Bottom-Dollar Markets,23 Tsawassen Blvd.,Tsawassen,BC,T2F 8M4,Canada
10432,SPLIR,3,1997-01-31 00:00:00.000,1997-02-14 00:00:00.000,1997-02-07 00:00:00.000,2,4.34,Split Rail Beer & Ale,P.O. Box 555,Lander,WY,82520,USA
10433,PRINI,3,1997-02-03 00:00:00.000,1997-03-03 00:00:00.000,1997-03-04 00:00:00.000,3,73.83,Princesa Isabel Vinhos,Estrada da saúde n. 58,Lisboa,NULL,1756,Portugal
10434,FOLKO,3,1997-02-03 00:00:00.000,1997-03-03 00:00:00.000,1997-02-13 00:00:00.000,2,17.92,Folk och fä HB,Åkergatan 24,Bräcke,NULL,S-844 67,Sweden
10435,CONSH,8,1997-02-04 00:00:00.000,1997-03-18 00:00:00.000,1997-02-07 00:00:00.000,2,9.21,Consolidated Holdings,Berkeley Gardens 12  Brewery,London,NULL,WX1 6LT,UK
10436,BLONP,3,1997-02-05 00:00:00.000,1997-03-05 00:00:00.000,1997-02-11 00:00:00.000,2,156.66,Blondel père et fils,24 place Kléber,Strasbourg,NULL,67000,France
10437,WARTH,8,1997-02-05 00:00:00.000,1997-03-05 00:00:00.000,1997-02-12 00:00:00.000,1,19.97,Wartian Herkku,Torikatu 38,Oulu,NULL,90110,Finland
10438,TOMSP,3,1997-02-06 00:00:00.000,1997-03-06 00:00:00.000,1997-02-14 00:00:00.000,2,8.24,Toms Spezialitäten,Luisenstr. 48,Münster,NULL,44087,Germany
10439,MEREP,6,1997-02-07 00:00:00.000,1997-03-07 00:00:00.000,1997-02-10 00:00:00.000,3,4.07,Mère Paillarde,43 rue St. Laurent,Montréal,Québec,H1J 1C3,Canada
10440,SAVEA,4,1997-02-10 00:00:00.000,1997-03-10 00:00:00.000,1997-02-28 00:00:00.000,2,86.53,Save-a-lot Markets,187 Suffolk Ln.,Boise,ID,83720,USA
10441,OLDWO,3,1997-02-10 00:00:00.000,1997-03-24 00:00:00.000,1997-03-14 00:00:00.000,2,73.02,Old World Delicatessen,2743 Bering St.,Anchorage,AK,99508,USA
10442,ERNSH,3,1997-02-11 00:00:00.000,1997-03-11 00:00:00.000,1997-02-18 00:00:00.000,2,47.94,Ernst Handel,Kirchgasse 6,Graz,NULL,8010,Austria
10443,REGGC,8,1997-02-12 00:00:00.000,1997-03-12 00:00:00.000,1997-02-14 00:00:00.000,1,13.95,Reggiani Caseifici,Strada Provinciale 124,Reggio Emilia,NULL,42100,Italy
10444,BERGS,3,1997-02-12 00:00:00.000,1997-03-12 00:00:00.000,1997-02-21 00:00:00.000,3,3.50,Berglunds snabbköp,Berguvsvägen  8,Luleå,NULL,S-958 22,Sweden
10445,BERGS,3,1997-02-13 00:00:00.000,1997-03-13 00:00:00.000,1997-02-20 00:00:00.000,1,9.30,Berglunds snabbköp,Berguvsvägen  8,Luleå,NULL,S-958 22,Sweden
10446,TOMSP,6,1997-02-14 00:00:00.000,1997-03-14 00:00:00.000,1997-02-19 00:00:00.000,1,14.68,Toms Spezialitäten,Luisenstr. 48,Münster,NULL,44087,Germany
10447,RICAR,4,1997-02-14 00:00:00.000,1997-03-14 00:00:00.000,1997-03-07 00:00:00.000,2,68.66,Ricardo Adocicados,Av. Copacabana 267,Rio de Janeiro,RJ,02389-890,Brazil
10448,RANCH,4,1997-02-17 00:00:00.000,1997-03-17 00:00:00.000,1997-02-24 00:00:00.000,2,38.82,Rancho grande,Av. del Libertador 900,Buenos Aires,NULL,1010,Argentina
10449,BLONP,3,1997-02-18 00:00:00.000,1997-03-18 00:00:00.000,1997-02-27 00:00:00.000,2,53.30,Blondel père et fils,24 place Kléber,Strasbourg,NULL,67000,France
10450,VICTE,8,1997-02-19 00:00:00.000,1997-03-19 00:00:00.000,1997-03-11 00:00:00.000,2,7.23,Victuailles en stock,2 rue du Commerce,Lyon,NULL,69004,France
10451,QUICK,4,1997-02-19 00:00:00.000,1997-03-05 00:00:00.000,1997-03-12 00:00:00.000,3,189.09,QUICK-Stop,Taucherstraße 10,Cunewalde,NULL,01307,Germany
10452,SAVEA,8,1997-02-20 00:00:00.000,1997-03-20 00:00:00.000,1997-02-26 00:00:00.000,1,140.26,Save-a-lot Markets,187 Suffolk Ln.,Boise,ID,83720,USA
10453,AROUT,1,1997-02-21 00:00:00.000,1997-03-21 00:00:00.000,1997-02-26 00:00:00.000,2,25.36,Around the Horn,Brook Farm Stratford St. Mary,Colchester,Essex,CO7 6JX,UK
10454,LAMAI,4,1997-02-21 00:00:00.000,1997-03-21 00:00:00.000,1997-02-25 00:00:00.000,3,2.74,La maison d'Asie,1 rue Alsace-Lorraine,Toulouse,NULL,31000,France
10455,WARTH,8,1997-02-24 00:00:00.000,1997-04-07 00:00:00.000,1997-03-03 00:00:00.000,2,180.45,Wartian Herkku,Torikatu 38,Oulu,NULL,90110,Finland
10456,KOENE,8,1997-02-25 00:00:00.000,1997-04-08 00:00:00.000,1997-02-28 00:00:00.000,2,8.12,Königlich Essen,Maubelstr. 90,Brandenburg,NULL,14776,Germany
10457,KOENE,2,1997-02-25 00:00:00.000,1997-03-25 00:00:00.000,1997-03-03 00:00:00.000,1,11.57,Königlich Essen,Maubelstr. 90,Brandenburg,NULL,14776,Germany
10458,SUPRD,7,1997-02-26 00:00:00.000,1997-03-26 00:00:00.000,1997-03-04 00:00:00.000,3,147.06,Suprêmes délices,Boulevard Tirou 255,Charleroi,NULL,B-6000,Belgium
10459,VICTE,4,1997-02-27 00:00:00.000,1997-03-27 00:00:00.000,1997-02-28 00:00:00.000,2,25.09,Victuailles en stock,2 rue du Commerce,Lyon,NULL,69004,France
10460,FOLKO,8,1997-02-28 00:00:00.000,1997-03-28 00:00:00.000,1997-03-03 00:00:00.000,1,16.27,Folk och fä HB,Åkergatan 24,Bräcke,NULL,S-844 67,Sweden
10461,LILAS,1,1997-02-28 00:00:00.000,1997-03-28 00:00:00.000,1997-03-05 00:00:00.000,3,148.61,LILA-Supermercado,Carrera 52 con Ave. Bolívar #65-98 Llano Largo,Barquisimeto,Lara,3508,Venezuela
10462,CONSH,2,1997-03-03 00:00:00.000,1997-03-31 00:00:00.000,1997-03-18 00:00:00.000,1,6.17,Consolidated Holdings,Berkeley Gardens 12  Brewery,London,NULL,WX1 6LT,UK
10463,SUPRD,5,1997-03-04 00:00:00.000,1997-04-01 00:00:00.000,1997-03-06 00:00:00.000,3,14.78,Suprêmes délices,Boulevard Tirou 255,Charleroi,NULL,B-6000,Belgium
10464,FURIB,4,1997-03-04 00:00:00.000,1997-04-01 00:00:00.000,1997-03-14 00:00:00.000,2,89.00,Furia Bacalhau e Frutos do Mar,Jardim das rosas n. 32,Lisboa,NULL,1675,Portugal
10465,VAFFE,1,1997-03-05 00:00:00.000,1997-04-02 00:00:00.000,1997-03-14 00:00:00.000,3,145.04,Vaffeljernet,Smagsloget 45,Århus,NULL,8200,Denmark
10466,COMMI,4,1997-03-06 00:00:00.000,1997-04-03 00:00:00.000,1997-03-13 00:00:00.000,1,11.93,Comércio Mineiro,Av. dos Lusíadas 23,Sao Paulo,SP,05432-043,Brazil
10467,MAGAA,8,1997-03-06 00:00:00.000,1997-04-03 00:00:00.000,1997-03-11 00:00:00.000,2,4.93,Magazzini Alimentari Riuniti,Via Ludovico il Moro 22,Bergamo,NULL,24100,Italy
10468,KOENE,3,1997-03-07 00:00:00.000,1997-04-04 00:00:00.000,1997-03-12 00:00:00.000,3,44.12,Königlich Essen,Maubelstr. 90,Brandenburg,NULL,14776,Germany
10469,WHITC,1,1997-03-10 00:00:00.000,1997-04-07 00:00:00.000,1997-03-14 00:00:00.000,1,60.18,White Clover Markets,1029 - 12th Ave. S.,Seattle,WA,98124,USA
10470,BONAP,4,1997-03-11 00:00:00.000,1997-04-08 00:00:00.000,1997-03-14 00:00:00.000,2,64.56,Bon app',12 rue des Bouchers,Marseille,NULL,13008,France
10471,BSBEV,2,1997-03-11 00:00:00.000,1997-04-08 00:00:00.000,1997-03-18 00:00:00.000,3,45.59,B's Beverages,Fauntleroy Circus,London,NULL,EC2 5NT,UK
10472,SEVES,8,1997-03-12 00:00:00.000,1997-04-09 00:00:00.000,1997-03-19 00:00:00.000,1,4.20,Seven Seas Imports,90 Wadhurst Rd.,London,NULL,OX15 4NB,UK
10473,ISLAT,1,1997-03-13 00:00:00.000,1997-03-27 00:00:00.000,1997-03-21 00:00:00.000,3,16.37,Island Trading,Garden House Crowther Way,Cowes,Isle of Wight,PO31 7PJ,UK
10474,PERIC,5,1997-03-13 00:00:00.000,1997-04-10 00:00:00.000,1997-03-21 00:00:00.000,2,83.49,Pericles Comidas clásicas,Calle Dr. Jorge Cash 321,México D.F.,NULL,05033,Mexico
10475,SUPRD,9,1997-03-14 00:00:00.000,1997-04-11 00:00:00.000,1997-04-04 00:00:00.000,1,68.52,Suprêmes délices,Boulevard Tirou 255,Charleroi,NULL,B-6000,Belgium
10476,HILAA,8,1997-03-17 00:00:00.000,1997-04-14 00:00:00.000,1997-03-24 00:00:00.000,3,4.41,HILARION-Abastos,Carrera 22 con Ave. Carlos Soublette #8-35,San Cristóbal,Táchira,5022,Venezuela
10477,PRINI,5,1997-03-17 00:00:00.000,1997-04-14 00:00:00.000,1997-03-25 00:00:00.000,2,13.02,Princesa Isabel Vinhos,Estrada da saúde n. 58,Lisboa,NULL,1756,Portugal
10478,VICTE,2,1997-03-18 00:00:00.000,1997-04-01 00:00:00.000,1997-03-26 00:00:00.000,3,4.81,Victuailles en stock,2 rue du Commerce,Lyon,NULL,69004,France
10479,RATTC,3,1997-03-19 00:00:00.000,1997-04-16 00:00:00.000,1997-03-21 00:00:00.000,3,708.95,Rattlesnake Canyon Grocery,2817 Milton Dr.,Albuquerque,NM,87110,USA
10480,FOLIG,6,1997-03-20 00:00:00.000,1997-04-17 00:00:00.000,1997-03-24 00:00:00.000,2,1.35,Folies gourmandes,184 chaussée de Tournai,Lille,NULL,59000,France
10481,RICAR,8,1997-03-20 00:00:00.000,1997-04-17 00:00:00.000,1997-03-25 00:00:00.000,2,64.33,Ricardo Adocicados,Av. Copacabana 267,Rio de Janeiro,RJ,02389-890,Brazil
10482,LAZYK,1,1997-03-21 00:00:00.000,1997-04-18 00:00:00.000,1997-04-10 00:00:00.000,3,7.48,Lazy K Kountry Store,12 Orchestra Terrace,Walla Walla,WA,99362,USA
10483,WHITC,7,1997-03-24 00:00:00.000,1997-04-21 00:00:00.000,1997-04-25 00:00:00.000,2,15.28,White Clover Markets,1029 - 12th Ave. S.,Seattle,WA,98124,USA
10484,BSBEV,3,1997-03-24 00:00:00.000,1997-04-21 00:00:00.000,1997-04-01 00:00:00.000,3,6.88,B's Beverages,Fauntleroy Circus,London,NULL,EC2 5NT,UK
10485,LINOD,4,1997-03-25 00:00:00.000,1997-04-08 00:00:00.000,1997-03-31 00:00:00.000,2,64.45,LINO-Delicateses,Ave. 5 de Mayo Porlamar,I. de Margarita,Nueva Esparta,4980,Venezuela
10486,HILAA,1,1997-03-26 00:00:00.000,1997-04-23 00:00:00.000,1997-04-02 00:00:00.000,2,30.53,HILARION-Abastos,Carrera 22 con Ave. Carlos Soublette #8-35,San Cristóbal,Táchira,5022,Venezuela
10487,QUEEN,2,1997-03-26 00:00:00.000,1997-04-23 00:00:00.000,1997-03-28 00:00:00.000,2,71.07,Queen Cozinha,Alameda dos Canàrios 891,Sao Paulo,SP,05487-020,Brazil
10488,FRANK,8,1997-03-27 00:00:00.000,1997-04-24 00:00:00.000,1997-04-02 00:00:00.000,2,4.93,Frankenversand,Berliner Platz 43,München,NULL,80805,Germany
10489,PICCO,6,1997-03-28 00:00:00.000,1997-04-25 00:00:00.000,1997-04-09 00:00:00.000,2,5.29,Piccolo und mehr,Geislweg 14,Salzburg,NULL,5020,Austria
10490,HILAA,7,1997-03-31 00:00:00.000,1997-04-28 00:00:00.000,1997-04-03 00:00:00.000,2,210.19,HILARION-Abastos,Carrera 22 con Ave. Carlos Soublette #8-35,San Cristóbal,Táchira,5022,Venezuela
10491,FURIB,8,1997-03-31 00:00:00.000,1997-04-28 00:00:00.000,1997-04-08 00:00:00.000,3,16.96,Furia Bacalhau e Frutos do Mar,Jardim das rosas n. 32,Lisboa,NULL,1675,Portugal
10492,BOTTM,3,1997-04-01 00:00:00.000,1997-04-29 00:00:00.000,1997-04-11 00:00:00.000,1,62.89,Bottom-Dollar Markets,23 Tsawassen Blvd.,Tsawassen,BC,T2F 8M4,Canada
10493,LAMAI,4,1997-04-02 00:00:00.000,1997-04-30 00:00:00.000,1997-04-10 00:00:00.000,3,10.64,La maison d'Asie,1 rue Alsace-Lorraine,Toulouse,NULL,31000,France
10494,COMMI,4,1997-04-02 00:00:00.000,1997-04-30 00:00:00.000,1997-04-09 00:00:00.000,2,65.99,Comércio Mineiro,Av. dos Lusíadas 23,Sao Paulo,SP,05432-043,Brazil
10495,LAUGB,3,1997-04-03 00:00:00.000,1997-05-01 00:00:00.000,1997-04-11 00:00:00.000,3,4.65,Laughing Bacchus Wine Cellars,2319 Elm St.,Vancouver,BC,V3F 2K1,Canada
10496,TRADH,7,1997-04-04 00:00:00.000,1997-05-02 00:00:00.000,1997-04-07 00:00:00.000,2,46.77,Tradiçao Hipermercados,Av. Inês de Castro 414,Sao Paulo,SP,05634-030,Brazil
10497,LEHMS,7,1997-04-04 00:00:00.000,1997-05-02 00:00:00.000,1997-04-07 00:00:00.000,1,36.21,Lehmanns Marktstand,Magazinweg 7,Frankfurt a.M.,NULL,60528,Germany
10498,HILAA,8,1997-04-07 00:00:00.000,1997-05-05 00:00:00.000,1997-04-11 00:00:00.000,2,29.75,HILARION-Abastos,Carrera 22 con Ave. Carlos Soublette #8-35,San Cristóbal,Táchira,5022,Venezuela
10499,LILAS,4,1997-04-08 00:00:00.000,1997-05-06 00:00:00.000,1997-04-16 00:00:00.000,2,102.02,LILA-Supermercado,Carrera 52 con Ave. Bolívar #65-98 Llano Largo,Barquisimeto,Lara,3508,Venezuela
10500,LAMAI,6,1997-04-09 00:00:00.000,1997-05-07 00:00:00.000,1997-04-17 00:00:00.000,1,42.68,La maison d'Asie,1 rue Alsace-Lorraine,Toulouse,NULL,31000,France
10501,BLAUS,9,1997-04-09 00:00:00.000,1997-05-07 00:00:00.000,1997-04-16 00:00:00.000,3,8.85,Blauer See Delikatessen,Forsterstr. 57,Mannheim,NULL,68306,Germany
10502,PERIC,2,1997-04-10 00:00:00.000,1997-05-08 00:00:00.000,1997-04-29 00:00:00.000,1,69.32,Pericles Comidas clásicas,Calle Dr. Jorge Cash 321,México D.F.,NULL,05033,Mexico
10503,HUNGO,6,1997-04-11 00:00:00.000,1997-05-09 00:00:00.000,1997-04-16 00:00:00.000,2,16.74,Hungry Owl All-Night Grocers,8 Johnstown Road,Cork,Co. Cork,NULL,Ireland
10504,WHITC,4,1997-04-11 00:00:00.000,1997-05-09 00:00:00.000,1997-04-18 00:00:00.000,3,59.13,White Clover Markets,1029 - 12th Ave. S.,Seattle,WA,98124,USA
10505,MEREP,3,1997-04-14 00:00:00.000,1997-05-12 00:00:00.000,1997-04-21 00:00:00.000,3,7.13,Mère Paillarde,43 rue St. Laurent,Montréal,Québec,H1J 1C3,Canada
10506,KOENE,9,1997-04-15 00:00:00.000,1997-05-13 00:00:00.000,1997-05-02 00:00:00.000,2,21.19,Königlich Essen,Maubelstr. 90,Brandenburg,NULL,14776,Germany
10507,ANTON,7,1997-04-15 00:00:00.000,1997-05-13 00:00:00.000,1997-04-22 00:00:00.000,1,47.45,Antonio Moreno Taquería,Mataderos  2312,México D.F.,NULL,05023,Mexico
10508,OTTIK,1,1997-04-16 00:00:00.000,1997-05-14 00:00:00.000,1997-05-13 00:00:00.000,2,4.99,Ottilies Käseladen,Mehrheimerstr. 369,Köln,NULL,50739,Germany
10509,BLAUS,4,1997-04-17 00:00:00.000,1997-05-15 00:00:00.000,1997-04-29 00:00:00.000,1,0.15,Blauer See Delikatessen,Forsterstr. 57,Mannheim,NULL,68306,Germany
10510,SAVEA,6,1997-04-18 00:00:00.000,1997-05-16 00:00:00.000,1997-04-28 00:00:00.000,3,367.63,Save-a-lot Markets,187 Suffolk Ln.,Boise,ID,83720,USA
10511,BONAP,4,1997-04-18 00:00:00.000,1997-05-16 00:00:00.000,1997-04-21 00:00:00.000,3,350.64,Bon app',12 rue des Bouchers,Marseille,NULL,13008,France
10512,FAMIA,7,1997-04-21 00:00:00.000,1997-05-19 00:00:00.000,1997-04-24 00:00:00.000,2,3.53,Familia Arquibaldo,Rua Orós 92,Sao Paulo,SP,05442-030,Brazil
10513,WANDK,7,1997-04-22 00:00:00.000,1997-06-03 00:00:00.000,1997-04-28 00:00:00.000,1,105.65,Die Wandernde Kuh,Adenauerallee 900,Stuttgart,NULL,70563,Germany
10514,ERNSH,3,1997-04-22 00:00:00.000,1997-05-20 00:00:00.000,1997-05-16 00:00:00.000,2,789.95,Ernst Handel,Kirchgasse 6,Graz,NULL,8010,Austria
10515,QUICK,2,1997-04-23 00:00:00.000,1997-05-07 00:00:00.000,1997-05-23 00:00:00.000,1,204.47,QUICK-Stop,Taucherstraße 10,Cunewalde,NULL,01307,Germany
10516,HUNGO,2,1997-04-24 00:00:00.000,1997-05-22 00:00:00.000,1997-05-01 00:00:00.000,3,62.78,Hungry Owl All-Night Grocers,8 Johnstown Road,Cork,Co. Cork,NULL,Ireland
10517,NORTS,3,1997-04-24 00:00:00.000,1997-05-22 00:00:00.000,1997-04-29 00:00:00.000,3,32.07,North/South,South House 300 Queensbridge,London,NULL,SW7 1RZ,UK
10518,TORTU,4,1997-04-25 00:00:00.000,1997-05-09 00:00:00.000,1997-05-05 00:00:00.000,2,218.15,Tortuga Restaurante,Avda. Azteca 123,México D.F.,NULL,05033,Mexico
10519,CHOPS,6,1997-04-28 00:00:00.000,1997-05-26 00:00:00.000,1997-05-01 00:00:00.000,3,91.76,Chop-suey Chinese,Hauptstr. 31,Bern,NULL,3012,Switzerland
10520,SANTG,7,1997-04-29 00:00:00.000,1997-05-27 00:00:00.000,1997-05-01 00:00:00.000,1,13.37,Santé Gourmet,Erling Skakkes gate 78,Stavern,NULL,4110,Norway
10521,CACTU,8,1997-04-29 00:00:00.000,1997-05-27 00:00:00.000,1997-05-02 00:00:00.000,2,17.22,Cactus Comidas para llevar,Cerrito 333,Buenos Aires,NULL,1010,Argentina
10522,LEHMS,4,1997-04-30 00:00:00.000,1997-05-28 00:00:00.000,1997-05-06 00:00:00.000,1,45.33,Lehmanns Marktstand,Magazinweg 7,Frankfurt a.M.,NULL,60528,Germany
10523,SEVES,7,1997-05-01 00:00:00.000,1997-05-29 00:00:00.000,1997-05-30 00:00:00.000,2,77.63,Seven Seas Imports,90 Wadhurst Rd.,London,NULL,OX15 4NB,UK
10524,BERGS,1,1997-05-01 00:00:00.000,1997-05-29 00:00:00.000,1997-05-07 00:00:00.000,2,244.79,Berglunds snabbköp,Berguvsvägen  8,Luleå,NULL,S-958 22,Sweden
10525,BONAP,1,1997-05-02 00:00:00.000,1997-05-30 00:00:00.000,1997-05-23 00:00:00.000,2,11.06,Bon app',12 rue des Bouchers,Marseille,NULL,13008,France
10526,WARTH,4,1997-05-05 00:00:00.000,1997-06-02 00:00:00.000,1997-05-15 00:00:00.000,2,58.59,Wartian Herkku,Torikatu 38,Oulu,NULL,90110,Finland
10527,QUICK,7,1997-05-05 00:00:00.000,1997-06-02 00:00:00.000,1997-05-07 00:00:00.000,1,41.90,QUICK-Stop,Taucherstraße 10,Cunewalde,NULL,01307,Germany
10528,GREAL,6,1997-05-06 00:00:00.000,1997-05-20 00:00:00.000,1997-05-09 00:00:00.000,2,3.35,Great Lakes Food Market,2732 Baker Blvd.,Eugene,OR,97403,USA
10529,MAISD,5,1997-05-07 00:00:00.000,1997-06-04 00:00:00.000,1997-05-09 00:00:00.000,2,66.69,Maison Dewey,Rue Joseph-Bens 532,Bruxelles,NULL,B-1180,Belgium
10530,PICCO,3,1997-05-08 00:00:00.000,1997-06-05 00:00:00.000,1997-05-12 00:00:00.000,2,339.22,Piccolo und mehr,Geislweg 14,Salzburg,NULL,5020,Austria
10531,OCEAN,7,1997-05-08 00:00:00.000,1997-06-05 00:00:00.000,1997-05-19 00:00:00.000,1,8.12,Océano Atlántico Ltda.,Ing. Gustavo Moncada 8585 Piso 20-A,Buenos Aires,NULL,1010,Argentina
10532,EASTC,7,1997-05-09 00:00:00.000,1997-06-06 00:00:00.000,1997-05-12 00:00:00.000,3,74.46,Eastern Connection,35 King George,London,NULL,WX3 6FW,UK
10533,FOLKO,8,1997-05-12 00:00:00.000,1997-06-09 00:00:00.000,1997-05-22 00:00:00.000,1,188.04,Folk och fä HB,Åkergatan 24,Bräcke,NULL,S-844 67,Sweden
10534,LEHMS,8,1997-05-12 00:00:00.000,1997-06-09 00:00:00.000,1997-05-14 00:00:00.000,2,27.94,Lehmanns Marktstand,Magazinweg 7,Frankfurt a.M.,NULL,60528,Germany
10535,ANTON,4,1997-05-13 00:00:00.000,1997-06-10 00:00:00.000,1997-05-21 00:00:00.000,1,15.64,Antonio Moreno Taquería,Mataderos  2312,México D.F.,NULL,05023,Mexico
10536,LEHMS,3,1997-05-14 00:00:00.000,1997-06-11 00:00:00.000,1997-06-06 00:00:00.000,2,58.88,Lehmanns Marktstand,Magazinweg 7,Frankfurt a.M.,NULL,60528,Germany
10537,RICSU,1,1997-05-14 00:00:00.000,1997-05-28 00:00:00.000,1997-05-19 00:00:00.000,1,78.85,Richter Supermarkt,Starenweg 5,Genève,NULL,1204,Switzerland
10538,BSBEV,9,1997-05-15 00:00:00.000,1997-06-12 00:00:00.000,1997-05-16 00:00:00.000,3,4.87,B's Beverages,Fauntleroy Circus,London,NULL,EC2 5NT,UK
10539,BSBEV,6,1997-05-16 00:00:00.000,1997-06-13 00:00:00.000,1997-05-23 00:00:00.000,3,12.36,B's Beverages,Fauntleroy Circus,London,NULL,EC2 5NT,UK
10540,QUICK,3,1997-05-19 00:00:00.000,1997-06-16 00:00:00.000,1997-06-13 00:00:00.000,3,1007.64,QUICK-Stop,Taucherstraße 10,Cunewalde,NULL,01307,Germany
10541,HANAR,2,1997-05-19 00:00:00.000,1997-06-16 00:00:00.000,1997-05-29 00:00:00.000,1,68.65,Hanari Carnes,Rua do Paço 67,Rio de Janeiro,RJ,05454-876,Brazil
10542,KOENE,1,1997-05-20 00:00:00.000,1997-06-17 00:00:00.000,1997-05-26 00:00:00.000,3,10.95,Königlich Essen,Maubelstr. 90,Brandenburg,NULL,14776,Germany
10543,LILAS,8,1997-05-21 00:00:00.000,1997-06-18 00:00:00.000,1997-05-23 00:00:00.000,2,48.17,LILA-Supermercado,Carrera 52 con Ave. Bolívar #65-98 Llano Largo,Barquisimeto,Lara,3508,Venezuela
10544,LONEP,4,1997-05-21 00:00:00.000,1997-06-18 00:00:00.000,1997-05-30 00:00:00.000,1,24.91,Lonesome Pine Restaurant,89 Chiaroscuro Rd.,Portland,OR,97219,USA
10545,LAZYK,8,1997-05-22 00:00:00.000,1997-06-19 00:00:00.000,1997-06-26 00:00:00.000,2,11.92,Lazy K Kountry Store,12 Orchestra Terrace,Walla Walla,WA,99362,USA
10546,VICTE,1,1997-05-23 00:00:00.000,1997-06-20 00:00:00.000,1997-05-27 00:00:00.000,3,194.72,Victuailles en stock,2 rue du Commerce,Lyon,NULL,69004,France
10547,SEVES,3,1997-05-23 00:00:00.000,1997-06-20 00:00:00.000,1997-06-02 00:00:00.000,2,178.43,Seven Seas Imports,90 Wadhurst Rd.,London,NULL,OX15 4NB,UK
10548,TOMSP,3,1997-05-26 00:00:00.000,1997-06-23 00:00:00.000,1997-06-02 00:00:00.000,2,1.43,Toms Spezialitäten,Luisenstr. 48,Münster,NULL,44087,Germany
10549,QUICK,5,1997-05-27 00:00:00.000,1997-06-10 00:00:00.000,1997-05-30 00:00:00.000,1,171.24,QUICK-Stop,Taucherstraße 10,Cunewalde,NULL,01307,Germany
10550,GODOS,7,1997-05-28 00:00:00.000,1997-06-25 00:00:00.000,1997-06-06 00:00:00.000,3,4.32,Godos Cocina Típica,C/ Romero 33,Sevilla,NULL,41101,Spain
10551,FURIB,4,1997-05-28 00:00:00.000,1997-07-09 00:00:00.000,1997-06-06 00:00:00.000,3,72.95,Furia Bacalhau e Frutos do Mar,Jardim das rosas n. 32,Lisboa,NULL,1675,Portugal
10552,HILAA,2,1997-05-29 00:00:00.000,1997-06-26 00:00:00.000,1997-06-05 00:00:00.000,1,83.22,HILARION-Abastos,Carrera 22 con Ave. Carlos Soublette #8-35,San Cristóbal,Táchira,5022,Venezuela
10553,WARTH,2,1997-05-30 00:00:00.000,1997-06-27 00:00:00.000,1997-06-03 00:00:00.000,2,149.49,Wartian Herkku,Torikatu 38,Oulu,NULL,90110,Finland
10554,OTTIK,4,1997-05-30 00:00:00.000,1997-06-27 00:00:00.000,1997-06-05 00:00:00.000,3,120.97,Ottilies Käseladen,Mehrheimerstr. 369,Köln,NULL,50739,Germany
10555,SAVEA,6,1997-06-02 00:00:00.000,1997-06-30 00:00:00.000,1997-06-04 00:00:00.000,3,252.49,Save-a-lot Markets,187 Suffolk Ln.,Boise,ID,83720,USA
10556,SIMOB,2,1997-06-03 00:00:00.000,1997-07-15 00:00:00.000,1997-06-13 00:00:00.000,1,9.80,Simons bistro,Vinbæltet 34,Kobenhavn,NULL,1734,Denmark
10557,LEHMS,9,1997-06-03 00:00:00.000,1997-06-17 00:00:00.000,1997-06-06 00:00:00.000,2,96.72,Lehmanns Marktstand,Magazinweg 7,Frankfurt a.M.,NULL,60528,Germany
10558,AROUT,1,1997-06-04 00:00:00.000,1997-07-02 00:00:00.000,1997-06-10 00:00:00.000,2,72.97,Around the Horn,Brook Farm Stratford St. Mary,Colchester,Essex,CO7 6JX,UK
10559,BLONP,6,1997-06-05 00:00:00.000,1997-07-03 00:00:00.000,1997-06-13 00:00:00.000,1,8.05,Blondel père et fils,24 place Kléber,Strasbourg,NULL,67000,France
10560,FRANK,8,1997-06-06 00:00:00.000,1997-07-04 00:00:00.000,1997-06-09 00:00:00.000,1,36.65,Frankenversand,Berliner Platz 43,München,NULL,80805,Germany
10561,FOLKO,2,1997-06-06 00:00:00.000,1997-07-04 00:00:00.000,1997-06-09 00:00:00.000,2,242.21,Folk och fä HB,Åkergatan 24,Bräcke,NULL,S-844 67,Sweden
10562,REGGC,1,1997-06-09 00:00:00.000,1997-07-07 00:00:00.000,1997-06-12 00:00:00.000,1,22.95,Reggiani Caseifici,Strada Provinciale 124,Reggio Emilia,NULL,42100,Italy
10563,RICAR,2,1997-06-10 00:00:00.000,1997-07-22 00:00:00.000,1997-06-24 00:00:00.000,2,60.43,Ricardo Adocicados,Av. Copacabana 267,Rio de Janeiro,RJ,02389-890,Brazil
10564,RATTC,4,1997-06-10 00:00:00.000,1997-07-08 00:00:00.000,1997-06-16 00:00:00.000,3,13.75,Rattlesnake Canyon Grocery,2817 Milton Dr.,Albuquerque,NM,87110,USA
10565,MEREP,8,1997-06-11 00:00:00.000,1997-07-09 00:00:00.000,1997-06-18 00:00:00.000,2,7.15,Mère Paillarde,43 rue St. Laurent,Montréal,Québec,H1J 1C3,Canada
10566,BLONP,9,1997-06-12 00:00:00.000,1997-07-10 00:00:00.000,1997-06-18 00:00:00.000,1,88.40,Blondel père et fils,24 place Kléber,Strasbourg,NULL,67000,France
10567,HUNGO,1,1997-06-12 00:00:00.000,1997-07-10 00:00:00.000,1997-06-17 00:00:00.000,1,33.97,Hungry Owl All-Night Grocers,8 Johnstown Road,Cork,Co. Cork,NULL,Ireland
10568,GALED,3,1997-06-13 00:00:00.000,1997-07-11 00:00:00.000,1997-07-09 00:00:00.000,3,6.54,Galería del gastronómo,Rambla de Cataluña 23,Barcelona,NULL,8022,Spain
10569,RATTC,5,1997-06-16 00:00:00.000,1997-07-14 00:00:00.000,1997-07-11 00:00:00.000,1,58.98,Rattlesnake Canyon Grocery,2817 Milton Dr.,Albuquerque,NM,87110,USA
10570,MEREP,3,1997-06-17 00:00:00.000,1997-07-15 00:00:00.000,1997-06-19 00:00:00.000,3,188.99,Mère Paillarde,43 rue St. Laurent,Montréal,Québec,H1J 1C3,Canada
10571,ERNSH,8,1997-06-17 00:00:00.000,1997-07-29 00:00:00.000,1997-07-04 00:00:00.000,3,26.06,Ernst Handel,Kirchgasse 6,Graz,NULL,8010,Austria
10572,BERGS,3,1997-06-18 00:00:00.000,1997-07-16 00:00:00.000,1997-06-25 00:00:00.000,2,116.43,Berglunds snabbköp,Berguvsvägen  8,Luleå,NULL,S-958 22,Sweden
10573,ANTON,7,1997-06-19 00:00:00.000,1997-07-17 00:00:00.000,1997-06-20 00:00:00.000,3,84.84,Antonio Moreno Taquería,Mataderos  2312,México D.F.,NULL,05023,Mexico
10574,TRAIH,4,1997-06-19 00:00:00.000,1997-07-17 00:00:00.000,1997-06-30 00:00:00.000,2,37.60,Trail's Head Gourmet Provisioners,722 DaVinci Blvd.,Kirkland,WA,98034,USA
10575,MORGK,5,1997-06-20 00:00:00.000,1997-07-04 00:00:00.000,1997-06-30 00:00:00.000,1,127.34,Morgenstern Gesundkost,Heerstr. 22,Leipzig,NULL,04179,Germany
10576,TORTU,3,1997-06-23 00:00:00.000,1997-07-07 00:00:00.000,1997-06-30 00:00:00.000,3,18.56,Tortuga Restaurante,Avda. Azteca 123,México D.F.,NULL,05033,Mexico
10577,TRAIH,9,1997-06-23 00:00:00.000,1997-08-04 00:00:00.000,1997-06-30 00:00:00.000,2,25.41,Trail's Head Gourmet Provisioners,722 DaVinci Blvd.,Kirkland,WA,98034,USA
10578,BSBEV,4,1997-06-24 00:00:00.000,1997-07-22 00:00:00.000,1997-07-25 00:00:00.000,3,29.60,B's Beverages,Fauntleroy Circus,London,NULL,EC2 5NT,UK
10579,LETSS,1,1997-06-25 00:00:00.000,1997-07-23 00:00:00.000,1997-07-04 00:00:00.000,2,13.73,Let's Stop N Shop,87 Polk St. Suite 5,San Francisco,CA,94117,USA
10580,OTTIK,4,1997-06-26 00:00:00.000,1997-07-24 00:00:00.000,1997-07-01 00:00:00.000,3,75.89,Ottilies Käseladen,Mehrheimerstr. 369,Köln,NULL,50739,Germany
10581,FAMIA,3,1997-06-26 00:00:00.000,1997-07-24 00:00:00.000,1997-07-02 00:00:00.000,1,3.01,Familia Arquibaldo,Rua Orós 92,Sao Paulo,SP,05442-030,Brazil
10582,BLAUS,3,1997-06-27 00:00:00.000,1997-07-25 00:00:00.000,1997-07-14 00:00:00.000,2,27.71,Blauer See Delikatessen,Forsterstr. 57,Mannheim,NULL,68306,Germany
10583,WARTH,2,1997-06-30 00:00:00.000,1997-07-28 00:00:00.000,1997-07-04 00:00:00.000,2,7.28,Wartian Herkku,Torikatu 38,Oulu,NULL,90110,Finland
10584,BLONP,4,1997-06-30 00:00:00.000,1997-07-28 00:00:00.000,1997-07-04 00:00:00.000,1,59.14,Blondel père et fils,24 place Kléber,Strasbourg,NULL,67000,France
10585,WELLI,7,1997-07-01 00:00:00.000,1997-07-29 00:00:00.000,1997-07-10 00:00:00.000,1,13.41,Wellington Importadora,Rua do Mercado 12,Resende,SP,08737-363,Brazil
10586,REGGC,9,1997-07-02 00:00:00.000,1997-07-30 00:00:00.000,1997-07-09 00:00:00.000,1,0.48,Reggiani Caseifici,Strada Provinciale 124,Reggio Emilia,NULL,42100,Italy
10587,QUEDE,1,1997-07-02 00:00:00.000,1997-07-30 00:00:00.000,1997-07-09 00:00:00.000,1,62.52,Que Delícia,Rua da Panificadora 12,Rio de Janeiro,RJ,02389-673,Brazil
10588,QUICK,2,1997-07-03 00:00:00.000,1997-07-31 00:00:00.000,1997-07-10 00:00:00.000,3,194.67,QUICK-Stop,Taucherstraße 10,Cunewalde,NULL,01307,Germany
10589,GREAL,8,1997-07-04 00:00:00.000,1997-08-01 00:00:00.000,1997-07-14 00:00:00.000,2,4.42,Great Lakes Food Market,2732 Baker Blvd.,Eugene,OR,97403,USA
10590,MEREP,4,1997-07-07 00:00:00.000,1997-08-04 00:00:00.000,1997-07-14 00:00:00.000,3,44.77,Mère Paillarde,43 rue St. Laurent,Montréal,Québec,H1J 1C3,Canada
10591,VAFFE,1,1997-07-07 00:00:00.000,1997-07-21 00:00:00.000,1997-07-16 00:00:00.000,1,55.92,Vaffeljernet,Smagsloget 45,Århus,NULL,8200,Denmark
10592,LEHMS,3,1997-07-08 00:00:00.000,1997-08-05 00:00:00.000,1997-07-16 00:00:00.000,1,32.10,Lehmanns Marktstand,Magazinweg 7,Frankfurt a.M.,NULL,60528,Germany
10593,LEHMS,7,1997-07-09 00:00:00.000,1997-08-06 00:00:00.000,1997-08-13 00:00:00.000,2,174.20,Lehmanns Marktstand,Magazinweg 7,Frankfurt a.M.,NULL,60528,Germany
10594,OLDWO,3,1997-07-09 00:00:00.000,1997-08-06 00:00:00.000,1997-07-16 00:00:00.000,2,5.24,Old World Delicatessen,2743 Bering St.,Anchorage,AK,99508,USA
10595,ERNSH,2,1997-07-10 00:00:00.000,1997-08-07 00:00:00.000,1997-07-14 00:00:00.000,1,96.78,Ernst Handel,Kirchgasse 6,Graz,NULL,8010,Austria
10596,WHITC,8,1997-07-11 00:00:00.000,1997-08-08 00:00:00.000,1997-08-12 00:00:00.000,1,16.34,White Clover Markets,1029 - 12th Ave. S.,Seattle,WA,98124,USA
10597,PICCO,7,1997-07-11 00:00:00.000,1997-08-08 00:00:00.000,1997-07-18 00:00:00.000,3,35.12,Piccolo und mehr,Geislweg 14,Salzburg,NULL,5020,Austria
10598,RATTC,1,1997-07-14 00:00:00.000,1997-08-11 00:00:00.000,1997-07-18 00:00:00.000,3,44.42,Rattlesnake Canyon Grocery,2817 Milton Dr.,Albuquerque,NM,87110,USA
10599,BSBEV,6,1997-07-15 00:00:00.000,1997-08-26 00:00:00.000,1997-07-21 00:00:00.000,3,29.98,B's Beverages,Fauntleroy Circus,London,NULL,EC2 5NT,UK
10600,HUNGC,4,1997-07-16 00:00:00.000,1997-08-13 00:00:00.000,1997-07-21 00:00:00.000,1,45.13,Hungry Coyote Import Store,City Center Plaza 516 Main St.,Elgin,OR,97827,USA
10601,HILAA,7,1997-07-16 00:00:00.000,1997-08-27 00:00:00.000,1997-07-22 00:00:00.000,1,58.30,HILARION-Abastos,Carrera 22 con Ave. Carlos Soublette #8-35,San Cristóbal,Táchira,5022,Venezuela
10602,VAFFE,8,1997-07-17 00:00:00.000,1997-08-14 00:00:00.000,1997-07-22 00:00:00.000,2,2.92,Vaffeljernet,Smagsloget 45,Århus,NULL,8200,Denmark
10603,SAVEA,8,1997-07-18 00:00:00.000,1997-08-15 00:00:00.000,1997-08-08 00:00:00.000,2,48.77,Save-a-lot Markets,187 Suffolk Ln.,Boise,ID,83720,USA
10604,FURIB,1,1997-07-18 00:00:00.000,1997-08-15 00:00:00.000,1997-07-29 00:00:00.000,1,7.46,Furia Bacalhau e Frutos do Mar,Jardim das rosas n. 32,Lisboa,NULL,1675,Portugal
10605,MEREP,1,1997-07-21 00:00:00.000,1997-08-18 00:00:00.000,1997-07-29 00:00:00.000,2,379.13,Mère Paillarde,43 rue St. Laurent,Montréal,Québec,H1J 1C3,Canada
10606,TRADH,4,1997-07-22 00:00:00.000,1997-08-19 00:00:00.000,1997-07-31 00:00:00.000,3,79.40,Tradiçao Hipermercados,Av. Inês de Castro 414,Sao Paulo,SP,05634-030,Brazil
10607,SAVEA,5,1997-07-22 00:00:00.000,1997-08-19 00:00:00.000,1997-07-25 00:00:00.000,1,200.24,Save-a-lot Markets,187 Suffolk Ln.,Boise,ID,83720,USA
10608,TOMSP,4,1997-07-23 00:00:00.000,1997-08-20 00:00:00.000,1997-08-01 00:00:00.000,2,27.79,Toms Spezialitäten,Luisenstr. 48,Münster,NULL,44087,Germany
10609,DUMON,7,1997-07-24 00:00:00.000,1997-08-21 00:00:00.000,1997-07-30 00:00:00.000,2,1.85,Du monde entier,67 rue des Cinquante Otages,Nantes,NULL,44000,France
10610,LAMAI,8,1997-07-25 00:00:00.000,1997-08-22 00:00:00.000,1997-08-06 00:00:00.000,1,26.78,La maison d'Asie,1 rue Alsace-Lorraine,Toulouse,NULL,31000,France
10611,WOLZA,6,1997-07-25 00:00:00.000,1997-08-22 00:00:00.000,1997-08-01 00:00:00.000,2,80.65,Wolski Zajazd,ul. Filtrowa 68,Warszawa,NULL,01-012,Poland
10612,SAVEA,1,1997-07-28 00:00:00.000,1997-08-25 00:00:00.000,1997-08-01 00:00:00.000,2,544.08,Save-a-lot Markets,187 Suffolk Ln.,Boise,ID,83720,USA
10613,HILAA,4,1997-07-29 00:00:00.000,1997-08-26 00:00:00.000,1997-08-01 00:00:00.000,2,8.11,HILARION-Abastos,Carrera 22 con Ave. Carlos Soublette #8-35,San Cristóbal,Táchira,5022,Venezuela
10614,BLAUS,8,1997-07-29 00:00:00.000,1997-08-26 00:00:00.000,1997-08-01 00:00:00.000,3,1.93,Blauer See Delikatessen,Forsterstr. 57,Mannheim,NULL,68306,Germany
10615,WILMK,2,1997-07-30 00:00:00.000,1997-08-27 00:00:00.000,1997-08-06 00:00:00.000,3,0.75,Wilman Kala,Keskuskatu 45,Helsinki,NULL,21240,Finland
10616,GREAL,1,1997-07-31 00:00:00.000,1997-08-28 00:00:00.000,1997-08-05 00:00:00.000,2,116.53,Great Lakes Food Market,2732 Baker Blvd.,Eugene,OR,97403,USA
10617,GREAL,4,1997-07-31 00:00:00.000,1997-08-28 00:00:00.000,1997-08-04 00:00:00.000,2,18.53,Great Lakes Food Market,2732 Baker Blvd.,Eugene,OR,97403,USA
10618,MEREP,1,1997-08-01 00:00:00.000,1997-09-12 00:00:00.000,1997-08-08 00:00:00.000,1,154.68,Mère Paillarde,43 rue St. Laurent,Montréal,Québec,H1J 1C3,Canada
10619,MEREP,3,1997-08-04 00:00:00.000,1997-09-01 00:00:00.000,1997-08-07 00:00:00.000,3,91.05,Mère Paillarde,43 rue St. Laurent,Montréal,Québec,H1J 1C3,Canada
10620,LAUGB,2,1997-08-05 00:00:00.000,1997-09-02 00:00:00.000,1997-08-14 00:00:00.000,3,0.94,Laughing Bacchus Wine Cellars,2319 Elm St.,Vancouver,BC,V3F 2K1,Canada
10621,ISLAT,4,1997-08-05 00:00:00.000,1997-09-02 00:00:00.000,1997-08-11 00:00:00.000,2,23.73,Island Trading,Garden House Crowther Way,Cowes,Isle of Wight,PO31 7PJ,UK
10622,RICAR,4,1997-08-06 00:00:00.000,1997-09-03 00:00:00.000,1997-08-11 00:00:00.000,3,50.97,Ricardo Adocicados,Av. Copacabana 267,Rio de Janeiro,RJ,02389-890,Brazil
10623,FRANK,8,1997-08-07 00:00:00.000,1997-09-04 00:00:00.000,1997-08-12 00:00:00.000,2,97.18,Frankenversand,Berliner Platz 43,München,NULL,80805,Germany
10624,THECR,4,1997-08-07 00:00:00.000,1997-09-04 00:00:00.000,1997-08-19 00:00:00.000,2,94.80,The Cracker Box,55 Grizzly Peak Rd.,Butte,MT,59801,USA
10625,ANATR,3,1997-08-08 00:00:00.000,1997-09-05 00:00:00.000,1997-08-14 00:00:00.000,1,43.90,Ana Trujillo Emparedados y helados,Avda. de la Constitución 2222,México D.F.,NULL,05021,Mexico
10626,BERGS,1,1997-08-11 00:00:00.000,1997-09-08 00:00:00.000,1997-08-20 00:00:00.000,2,138.69,Berglunds snabbköp,Berguvsvägen  8,Luleå,NULL,S-958 22,Sweden
10627,SAVEA,8,1997-08-11 00:00:00.000,1997-09-22 00:00:00.000,1997-08-21 00:00:00.000,3,107.46,Save-a-lot Markets,187 Suffolk Ln.,Boise,ID,83720,USA
10628,BLONP,4,1997-08-12 00:00:00.000,1997-09-09 00:00:00.000,1997-08-20 00:00:00.000,3,30.36,Blondel père et fils,24 place Kléber,Strasbourg,NULL,67000,France
10629,GODOS,4,1997-08-12 00:00:00.000,1997-09-09 00:00:00.000,1997-08-20 00:00:00.000,3,85.46,Godos Cocina Típica,C/ Romero 33,Sevilla,NULL,41101,Spain
10630,KOENE,1,1997-08-13 00:00:00.000,1997-09-10 00:00:00.000,1997-08-19 00:00:00.000,2,32.35,Königlich Essen,Maubelstr. 90,Brandenburg,NULL,14776,Germany
10631,LAMAI,8,1997-08-14 00:00:00.000,1997-09-11 00:00:00.000,1997-08-15 00:00:00.000,1,0.87,La maison d'Asie,1 rue Alsace-Lorraine,Toulouse,NULL,31000,France
10632,WANDK,8,1997-08-14 00:00:00.000,1997-09-11 00:00:00.000,1997-08-19 00:00:00.000,1,41.38,Die Wandernde Kuh,Adenauerallee 900,Stuttgart,NULL,70563,Germany
10633,ERNSH,7,1997-08-15 00:00:00.000,1997-09-12 00:00:00.000,1997-08-18 00:00:00.000,3,477.90,Ernst Handel,Kirchgasse 6,Graz,NULL,8010,Austria
10634,FOLIG,4,1997-08-15 00:00:00.000,1997-09-12 00:00:00.000,1997-08-21 00:00:00.000,3,487.38,Folies gourmandes,184 chaussée de Tournai,Lille,NULL,59000,France
10635,MAGAA,8,1997-08-18 00:00:00.000,1997-09-15 00:00:00.000,1997-08-21 00:00:00.000,3,47.46,Magazzini Alimentari Riuniti,Via Ludovico il Moro 22,Bergamo,NULL,24100,Italy
10636,WARTH,4,1997-08-19 00:00:00.000,1997-09-16 00:00:00.000,1997-08-26 00:00:00.000,1,1.15,Wartian Herkku,Torikatu 38,Oulu,NULL,90110,Finland
10637,QUEEN,6,1997-08-19 00:00:00.000,1997-09-16 00:00:00.000,1997-08-26 00:00:00.000,1,201.29,Queen Cozinha,Alameda dos Canàrios 891,Sao Paulo,SP,05487-020,Brazil
10638,LINOD,3,1997-08-20 00:00:00.000,1997-09-17 00:00:00.000,1997-09-01 00:00:00.000,1,158.44,LINO-Delicateses,Ave. 5 de Mayo Porlamar,I. de Margarita,Nueva Esparta,4980,Venezuela
10639,SANTG,7,1997-08-20 00:00:00.000,1997-09-17 00:00:00.000,1997-08-27 00:00:00.000,3,38.64,Santé Gourmet,Erling Skakkes gate 78,Stavern,NULL,4110,Norway
10640,WANDK,4,1997-08-21 00:00:00.000,1997-09-18 00:00:00.000,1997-08-28 00:00:00.000,1,23.55,Die Wandernde Kuh,Adenauerallee 900,Stuttgart,NULL,70563,Germany
10641,HILAA,4,1997-08-22 00:00:00.000,1997-09-19 00:00:00.000,1997-08-26 00:00:00.000,2,179.61,HILARION-Abastos,Carrera 22 con Ave. Carlos Soublette #8-35,San Cristóbal,Táchira,5022,Venezuela
10642,SIMOB,7,1997-08-22 00:00:00.000,1997-09-19 00:00:00.000,1997-09-05 00:00:00.000,3,41.89,Simons bistro,Vinbæltet 34,Kobenhavn,NULL,1734,Denmark
10643,ALFKI,6,1997-08-25 00:00:00.000,1997-09-22 00:00:00.000,1997-09-02 00:00:00.000,1,29.46,Alfreds Futterkiste,Obere Str. 57,Berlin,NULL,12209,Germany
10644,WELLI,3,1997-08-25 00:00:00.000,1997-09-22 00:00:00.000,1997-09-01 00:00:00.000,2,0.14,Wellington Importadora,Rua do Mercado 12,Resende,SP,08737-363,Brazil
10645,HANAR,4,1997-08-26 00:00:00.000,1997-09-23 00:00:00.000,1997-09-02 00:00:00.000,1,12.41,Hanari Carnes,Rua do Paço 67,Rio de Janeiro,RJ,05454-876,Brazil
10646,HUNGO,9,1997-08-27 00:00:00.000,1997-10-08 00:00:00.000,1997-09-03 00:00:00.000,3,142.33,Hungry Owl All-Night Grocers,8 Johnstown Road,Cork,Co. Cork,NULL,Ireland
10647,QUEDE,4,1997-08-27 00:00:00.000,1997-09-10 00:00:00.000,1997-09-03 00:00:00.000,2,45.54,Que Delícia,Rua da Panificadora 12,Rio de Janeiro,RJ,02389-673,Brazil
10648,RICAR,5,1997-08-28 00:00:00.000,1997-10-09 00:00:00.000,1997-09-09 00:00:00.000,2,14.25,Ricardo Adocicados,Av. Copacabana 267,Rio de Janeiro,RJ,02389-890,Brazil
10649,MAISD,5,1997-08-28 00:00:00.000,1997-09-25 00:00:00.000,1997-08-29 00:00:00.000,3,6.20,Maison Dewey,Rue Joseph-Bens 532,Bruxelles,NULL,B-1180,Belgium
10650,FAMIA,5,1997-08-29 00:00:00.000,1997-09-26 00:00:00.000,1997-09-03 00:00:00.000,3,176.81,Familia Arquibaldo,Rua Orós 92,Sao Paulo,SP,05442-030,Brazil
10651,WANDK,8,1997-09-01 00:00:00.000,1997-09-29 00:00:00.000,1997-09-11 00:00:00.000,2,20.60,Die Wandernde Kuh,Adenauerallee 900,Stuttgart,NULL,70563,Germany
10652,GOURL,4,1997-09-01 00:00:00.000,1997-09-29 00:00:00.000,1997-09-08 00:00:00.000,2,7.14,Gourmet Lanchonetes,Av. Brasil 442,Campinas,SP,04876-786,Brazil
10653,FRANK,1,1997-09-02 00:00:00.000,1997-09-30 00:00:00.000,1997-09-19 00:00:00.000,1,93.25,Frankenversand,Berliner Platz 43,München,NULL,80805,Germany
10654,BERGS,5,1997-09-02 00:00:00.000,1997-09-30 00:00:00.000,1997-09-11 00:00:00.000,1,55.26,Berglunds snabbköp,Berguvsvägen  8,Luleå,NULL,S-958 22,Sweden
10655,REGGC,1,1997-09-03 00:00:00.000,1997-10-01 00:00:00.000,1997-09-11 00:00:00.000,2,4.41,Reggiani Caseifici,Strada Provinciale 124,Reggio Emilia,NULL,42100,Italy
10656,GREAL,6,1997-09-04 00:00:00.000,1997-10-02 00:00:00.000,1997-09-10 00:00:00.000,1,57.15,Great Lakes Food Market,2732 Baker Blvd.,Eugene,OR,97403,USA
10657,SAVEA,2,1997-09-04 00:00:00.000,1997-10-02 00:00:00.000,1997-09-15 00:00:00.000,2,352.69,Save-a-lot Markets,187 Suffolk Ln.,Boise,ID,83720,USA
10658,QUICK,4,1997-09-05 00:00:00.000,1997-10-03 00:00:00.000,1997-09-08 00:00:00.000,1,364.15,QUICK-Stop,Taucherstraße 10,Cunewalde,NULL,01307,Germany
10659,QUEEN,7,1997-09-05 00:00:00.000,1997-10-03 00:00:00.000,1997-09-10 00:00:00.000,2,105.81,Queen Cozinha,Alameda dos Canàrios 891,Sao Paulo,SP,05487-020,Brazil
10660,HUNGC,8,1997-09-08 00:00:00.000,1997-10-06 00:00:00.000,1997-10-15 00:00:00.000,1,111.29,Hungry Coyote Import Store,City Center Plaza 516 Main St.,Elgin,OR,97827,USA
10661,HUNGO,7,1997-09-09 00:00:00.000,1997-10-07 00:00:00.000,1997-09-15 00:00:00.000,3,17.55,Hungry Owl All-Night Grocers,8 Johnstown Road,Cork,Co. Cork,NULL,Ireland
10662,LONEP,3,1997-09-09 00:00:00.000,1997-10-07 00:00:00.000,1997-09-18 00:00:00.000,2,1.28,Lonesome Pine Restaurant,89 Chiaroscuro Rd.,Portland,OR,97219,USA
10663,BONAP,2,1997-09-10 00:00:00.000,1997-09-24 00:00:00.000,1997-10-03 00:00:00.000,2,113.15,Bon app',12 rue des Bouchers,Marseille,NULL,13008,France
10664,FURIB,1,1997-09-10 00:00:00.000,1997-10-08 00:00:00.000,1997-09-19 00:00:00.000,3,1.27,Furia Bacalhau e Frutos do Mar,Jardim das rosas n. 32,Lisboa,NULL,1675,Portugal
10665,LONEP,1,1997-09-11 00:00:00.000,1997-10-09 00:00:00.000,1997-09-17 00:00:00.000,2,26.31,Lonesome Pine Restaurant,89 Chiaroscuro Rd.,Portland,OR,97219,USA
10666,RICSU,7,1997-09-12 00:00:00.000,1997-10-10 00:00:00.000,1997-09-22 00:00:00.000,2,232.42,Richter Supermarkt,Starenweg 5,Genève,NULL,1204,Switzerland
10667,ERNSH,7,1997-09-12 00:00:00.000,1997-10-10 00:00:00.000,1997-09-19 00:00:00.000,1,78.09,Ernst Handel,Kirchgasse 6,Graz,NULL,8010,Austria
10668,WANDK,1,1997-09-15 00:00:00.000,1997-10-13 00:00:00.000,1997-09-23 00:00:00.000,2,47.22,Die Wandernde Kuh,Adenauerallee 900,Stuttgart,NULL,70563,Germany
10669,SIMOB,2,1997-09-15 00:00:00.000,1997-10-13 00:00:00.000,1997-09-22 00:00:00.000,1,24.39,Simons bistro,Vinbæltet 34,Kobenhavn,NULL,1734,Denmark
10670,FRANK,4,1997-09-16 00:00:00.000,1997-10-14 00:00:00.000,1997-09-18 00:00:00.000,1,203.48,Frankenversand,Berliner Platz 43,München,NULL,80805,Germany
10671,FRANR,1,1997-09-17 00:00:00.000,1997-10-15 00:00:00.000,1997-09-24 00:00:00.000,1,30.34,France restauration,54 rue Royale,Nantes,NULL,44000,France
10672,BERGS,9,1997-09-17 00:00:00.000,1997-10-01 00:00:00.000,1997-09-26 00:00:00.000,2,95.75,Berglunds snabbköp,Berguvsvägen  8,Luleå,NULL,S-958 22,Sweden
10673,WILMK,2,1997-09-18 00:00:00.000,1997-10-16 00:00:00.000,1997-09-19 00:00:00.000,1,22.76,Wilman Kala,Keskuskatu 45,Helsinki,NULL,21240,Finland
10674,ISLAT,4,1997-09-18 00:00:00.000,1997-10-16 00:00:00.000,1997-09-30 00:00:00.000,2,0.90,Island Trading,Garden House Crowther Way,Cowes,Isle of Wight,PO31 7PJ,UK
10675,FRANK,5,1997-09-19 00:00:00.000,1997-10-17 00:00:00.000,1997-09-23 00:00:00.000,2,31.85,Frankenversand,Berliner Platz 43,München,NULL,80805,Germany
10676,TORTU,2,1997-09-22 00:00:00.000,1997-10-20 00:00:00.000,1997-09-29 00:00:00.000,2,2.01,Tortuga Restaurante,Avda. Azteca 123,México D.F.,NULL,05033,Mexico
10677,ANTON,1,1997-09-22 00:00:00.000,1997-10-20 00:00:00.000,1997-09-26 00:00:00.000,3,4.03,Antonio Moreno Taquería,Mataderos  2312,México D.F.,NULL,05023,Mexico
10678,SAVEA,7,1997-09-23 00:00:00.000,1997-10-21 00:00:00.000,1997-10-16 00:00:00.000,3,388.98,Save-a-lot Markets,187 Suffolk Ln.,Boise,ID,83720,USA
10679,BLONP,8,1997-09-23 00:00:00.000,1997-10-21 00:00:00.000,1997-09-30 00:00:00.000,3,27.94,Blondel père et fils,24 place Kléber,Strasbourg,NULL,67000,France
10680,OLDWO,1,1997-09-24 00:00:00.000,1997-10-22 00:00:00.000,1997-09-26 00:00:00.000,1,26.61,Old World Delicatessen,2743 Bering St.,Anchorage,AK,99508,USA
10681,GREAL,3,1997-09-25 00:00:00.000,1997-10-23 00:00:00.000,1997-09-30 00:00:00.000,3,76.13,Great Lakes Food Market,2732 Baker Blvd.,Eugene,OR,97403,USA
10682,ANTON,3,1997-09-25 00:00:00.000,1997-10-23 00:00:00.000,1997-10-01 00:00:00.000,2,36.13,Antonio Moreno Taquería,Mataderos  2312,México D.F.,NULL,05023,Mexico
10683,DUMON,2,1997-09-26 00:00:00.000,1997-10-24 00:00:00.000,1997-10-01 00:00:00.000,1,4.40,Du monde entier,67 rue des Cinquante Otages,Nantes,NULL,44000,France
10684,OTTIK,3,1997-09-26 00:00:00.000,1997-10-24 00:00:00.000,1997-09-30 00:00:00.000,1,145.63,Ottilies Käseladen,Mehrheimerstr. 369,Köln,NULL,50739,Germany
10685,GOURL,4,1997-09-29 00:00:00.000,1997-10-13 00:00:00.000,1997-10-03 00:00:00.000,2,33.75,Gourmet Lanchonetes,Av. Brasil 442,Campinas,SP,04876-786,Brazil
10686,PICCO,2,1997-09-30 00:00:00.000,1997-10-28 00:00:00.000,1997-10-08 00:00:00.000,1,96.50,Piccolo und mehr,Geislweg 14,Salzburg,NULL,5020,Austria
10687,HUNGO,9,1997-09-30 00:00:00.000,1997-10-28 00:00:00.000,1997-10-30 00:00:00.000,2,296.43,Hungry Owl All-Night Grocers,8 Johnstown Road,Cork,Co. Cork,NULL,Ireland
10688,VAFFE,4,1997-10-01 00:00:00.000,1997-10-15 00:00:00.000,1997-10-07 00:00:00.000,2,299.09,Vaffeljernet,Smagsloget 45,Århus,NULL,8200,Denmark
10689,BERGS,1,1997-10-01 00:00:00.000,1997-10-29 00:00:00.000,1997-10-07 00:00:00.000,2,13.42,Berglunds snabbköp,Berguvsvägen  8,Luleå,NULL,S-958 22,Sweden
10690,HANAR,1,1997-10-02 00:00:00.000,1997-10-30 00:00:00.000,1997-10-03 00:00:00.000,1,15.80,Hanari Carnes,Rua do Paço 67,Rio de Janeiro,RJ,05454-876,Brazil
10691,QUICK,2,1997-10-03 00:00:00.000,1997-11-14 00:00:00.000,1997-10-22 00:00:00.000,2,810.05,QUICK-Stop,Taucherstraße 10,Cunewalde,NULL,01307,Germany
10692,ALFKI,4,1997-10-03 00:00:00.000,1997-10-31 00:00:00.000,1997-10-13 00:00:00.000,2,61.02,Alfred's Futterkiste,Obere Str. 57,Berlin,NULL,12209,Germany
10693,WHITC,3,1997-10-06 00:00:00.000,1997-10-20 00:00:00.000,1997-10-10 00:00:00.000,3,139.34,White Clover Markets,1029 - 12th Ave. S.,Seattle,WA,98124,USA
10694,QUICK,8,1997-10-06 00:00:00.000,1997-11-03 00:00:00.000,1997-10-09 00:00:00.000,3,398.36,QUICK-Stop,Taucherstraße 10,Cunewalde,NULL,01307,Germany
10695,WILMK,7,1997-10-07 00:00:00.000,1997-11-18 00:00:00.000,1997-10-14 00:00:00.000,1,16.72,Wilman Kala,Keskuskatu 45,Helsinki,NULL,21240,Finland
10696,WHITC,8,1997-10-08 00:00:00.000,1997-11-19 00:00:00.000,1997-10-14 00:00:00.000,3,102.55,White Clover Markets,1029 - 12th Ave. S.,Seattle,WA,98124,USA
10697,LINOD,3,1997-10-08 00:00:00.000,1997-11-05 00:00:00.000,1997-10-14 00:00:00.000,1,45.52,LINO-Delicateses,Ave. 5 de Mayo Porlamar,I. de Margarita,Nueva Esparta,4980,Venezuela
10698,ERNSH,4,1997-10-09 00:00:00.000,1997-11-06 00:00:00.000,1997-10-17 00:00:00.000,1,272.47,Ernst Handel,Kirchgasse 6,Graz,NULL,8010,Austria
10699,MORGK,3,1997-10-09 00:00:00.000,1997-11-06 00:00:00.000,1997-10-13 00:00:00.000,3,0.58,Morgenstern Gesundkost,Heerstr. 22,Leipzig,NULL,04179,Germany
10700,SAVEA,3,1997-10-10 00:00:00.000,1997-11-07 00:00:00.000,1997-10-16 00:00:00.000,1,65.10,Save-a-lot Markets,187 Suffolk Ln.,Boise,ID,83720,USA
10701,HUNGO,6,1997-10-13 00:00:00.000,1997-10-27 00:00:00.000,1997-10-15 00:00:00.000,3,220.31,Hungry Owl All-Night Grocers,8 Johnstown Road,Cork,Co. Cork,NULL,Ireland
10702,ALFKI,4,1997-10-13 00:00:00.000,1997-11-24 00:00:00.000,1997-10-21 00:00:00.000,1,23.94,Alfred's Futterkiste,Obere Str. 57,Berlin,NULL,12209,Germany
10703,FOLKO,6,1997-10-14 00:00:00.000,1997-11-11 00:00:00.000,1997-10-20 00:00:00.000,2,152.30,Folk och fä HB,Åkergatan 24,Bräcke,NULL,S-844 67,Sweden
10704,QUEEN,6,1997-10-14 00:00:00.000,1997-11-11 00:00:00.000,1997-11-07 00:00:00.000,1,4.78,Queen Cozinha,Alameda dos Canàrios 891,Sao Paulo,SP,05487-020,Brazil
10705,HILAA,9,1997-10-15 00:00:00.000,1997-11-12 00:00:00.000,1997-11-18 00:00:00.000,2,3.52,HILARION-Abastos,Carrera 22 con Ave. Carlos Soublette #8-35,San Cristóbal,Táchira,5022,Venezuela
10706,OLDWO,8,1997-10-16 00:00:00.000,1997-11-13 00:00:00.000,1997-10-21 00:00:00.000,3,135.63,Old World Delicatessen,2743 Bering St.,Anchorage,AK,99508,USA
10707,AROUT,4,1997-10-16 00:00:00.000,1997-10-30 00:00:00.000,1997-10-23 00:00:00.000,3,21.74,Around the Horn,Brook Farm Stratford St. Mary,Colchester,Essex,CO7 6JX,UK
10708,THEBI,6,1997-10-17 00:00:00.000,1997-11-28 00:00:00.000,1997-11-05 00:00:00.000,2,2.96,The Big Cheese,89 Jefferson Way Suite 2,Portland,OR,97201,USA
10709,GOURL,1,1997-10-17 00:00:00.000,1997-11-14 00:00:00.000,1997-11-20 00:00:00.000,3,210.80,Gourmet Lanchonetes,Av. Brasil 442,Campinas,SP,04876-786,Brazil
10710,FRANS,1,1997-10-20 00:00:00.000,1997-11-17 00:00:00.000,1997-10-23 00:00:00.000,1,4.98,Franchi S.p.A.,Via Monte Bianco 34,Torino,NULL,10100,Italy
10711,SAVEA,5,1997-10-21 00:00:00.000,1997-12-02 00:00:00.000,1997-10-29 00:00:00.000,2,52.41,Save-a-lot Markets,187 Suffolk Ln.,Boise,ID,83720,USA
10712,HUNGO,3,1997-10-21 00:00:00.000,1997-11-18 00:00:00.000,1997-10-31 00:00:00.000,1,89.93,Hungry Owl All-Night Grocers,8 Johnstown Road,Cork,Co. Cork,NULL,Ireland
10713,SAVEA,1,1997-10-22 00:00:00.000,1997-11-19 00:00:00.000,1997-10-24 00:00:00.000,1,167.05,Save-a-lot Markets,187 Suffolk Ln.,Boise,ID,83720,USA
10714,SAVEA,5,1997-10-22 00:00:00.000,1997-11-19 00:00:00.000,1997-10-27 00:00:00.000,3,24.49,Save-a-lot Markets,187 Suffolk Ln.,Boise,ID,83720,USA
10715,BONAP,3,1997-10-23 00:00:00.000,1997-11-06 00:00:00.000,1997-10-29 00:00:00.000,1,63.20,Bon app',12 rue des Bouchers,Marseille,NULL,13008,France
10716,RANCH,4,1997-10-24 00:00:00.000,1997-11-21 00:00:00.000,1997-10-27 00:00:00.000,2,22.57,Rancho grande,Av. del Libertador 900,Buenos Aires,NULL,1010,Argentina
10717,FRANK,1,1997-10-24 00:00:00.000,1997-11-21 00:00:00.000,1997-10-29 00:00:00.000,2,59.25,Frankenversand,Berliner Platz 43,München,NULL,80805,Germany
10718,KOENE,1,1997-10-27 00:00:00.000,1997-11-24 00:00:00.000,1997-10-29 00:00:00.000,3,170.88,Königlich Essen,Maubelstr. 90,Brandenburg,NULL,14776,Germany
10719,LETSS,8,1997-10-27 00:00:00.000,1997-11-24 00:00:00.000,1997-11-05 00:00:00.000,2,51.44,Let's Stop N Shop,87 Polk St. Suite 5,San Francisco,CA,94117,USA
10720,QUEDE,8,1997-10-28 00:00:00.000,1997-11-11 00:00:00.000,1997-11-05 00:00:00.000,2,9.53,Que Delícia,Rua da Panificadora 12,Rio de Janeiro,RJ,02389-673,Brazil
10721,QUICK,5,1997-10-29 00:00:00.000,1997-11-26 00:00:00.000,1997-10-31 00:00:00.000,3,48.92,QUICK-Stop,Taucherstraße 10,Cunewalde,NULL,01307,Germany
10722,SAVEA,8,1997-10-29 00:00:00.000,1997-12-10 00:00:00.000,1997-11-04 00:00:00.000,1,74.58,Save-a-lot Markets,187 Suffolk Ln.,Boise,ID,83720,USA
10723,WHITC,3,1997-10-30 00:00:00.000,1997-11-27 00:00:00.000,1997-11-25 00:00:00.000,1,21.72,White Clover Markets,1029 - 12th Ave. S.,Seattle,WA,98124,USA
10724,MEREP,8,1997-10-30 00:00:00.000,1997-12-11 00:00:00.000,1997-11-05 00:00:00.000,2,57.75,Mère Paillarde,43 rue St. Laurent,Montréal,Québec,H1J 1C3,Canada
10725,FAMIA,4,1997-10-31 00:00:00.000,1997-11-28 00:00:00.000,1997-11-05 00:00:00.000,3,10.83,Familia Arquibaldo,Rua Orós 92,Sao Paulo,SP,05442-030,Brazil
10726,EASTC,4,1997-11-03 00:00:00.000,1997-11-17 00:00:00.000,1997-12-05 00:00:00.000,1,16.56,Eastern Connection,35 King George,London,NULL,WX3 6FW,UK
10727,REGGC,2,1997-11-03 00:00:00.000,1997-12-01 00:00:00.000,1997-12-05 00:00:00.000,1,89.90,Reggiani Caseifici,Strada Provinciale 124,Reggio Emilia,NULL,42100,Italy
10728,QUEEN,4,1997-11-04 00:00:00.000,1997-12-02 00:00:00.000,1997-11-11 00:00:00.000,2,58.33,Queen Cozinha,Alameda dos Canàrios 891,Sao Paulo,SP,05487-020,Brazil
10729,LINOD,8,1997-11-04 00:00:00.000,1997-12-16 00:00:00.000,1997-11-14 00:00:00.000,3,141.06,LINO-Delicateses,Ave. 5 de Mayo Porlamar,I. de Margarita,Nueva Esparta,4980,Venezuela
10730,BONAP,5,1997-11-05 00:00:00.000,1997-12-03 00:00:00.000,1997-11-14 00:00:00.000,1,20.12,Bon app',12 rue des Bouchers,Marseille,NULL,13008,France
10731,CHOPS,7,1997-11-06 00:00:00.000,1997-12-04 00:00:00.000,1997-11-14 00:00:00.000,1,96.65,Chop-suey Chinese,Hauptstr. 31,Bern,NULL,3012,Switzerland
10732,BONAP,3,1997-11-06 00:00:00.000,1997-12-04 00:00:00.000,1997-11-07 00:00:00.000,1,16.97,Bon app',12 rue des Bouchers,Marseille,NULL,13008,France
10733,BERGS,1,1997-11-07 00:00:00.000,1997-12-05 00:00:00.000,1997-11-10 00:00:00.000,3,110.11,Berglunds snabbköp,Berguvsvägen  8,Luleå,NULL,S-958 22,Sweden
10734,GOURL,2,1997-11-07 00:00:00.000,1997-12-05 00:00:00.000,1997-11-12 00:00:00.000,3,1.63,Gourmet Lanchonetes,Av. Brasil 442,Campinas,SP,04876-786,Brazil
10735,LETSS,6,1997-11-10 00:00:00.000,1997-12-08 00:00:00.000,1997-11-21 00:00:00.000,2,45.97,Let's Stop N Shop,87 Polk St. Suite 5,San Francisco,CA,94117,USA
10736,HUNGO,9,1997-11-11 00:00:00.000,1997-12-09 00:00:00.000,1997-11-21 00:00:00.000,2,44.10,Hungry Owl All-Night Grocers,8 Johnstown Road,Cork,Co. Cork,NULL,Ireland
10737,VINET,2,1997-11-11 00:00:00.000,1997-12-09 00:00:00.000,1997-11-18 00:00:00.000,2,7.79,Vins et alcools Chevalier,59 rue de l'Abbaye,Reims,NULL,51100,France
10738,SPECD,2,1997-11-12 00:00:00.000,1997-12-10 00:00:00.000,1997-11-18 00:00:00.000,1,2.91,Spécialités du monde,25 rue Lauriston,Paris,NULL,75016,France
10739,VINET,3,1997-11-12 00:00:00.000,1997-12-10 00:00:00.000,1997-11-17 00:00:00.000,3,11.08,Vins et alcools Chevalier,59 rue de l'Abbaye,Reims,NULL,51100,France
10740,WHITC,4,1997-11-13 00:00:00.000,1997-12-11 00:00:00.000,1997-11-25 00:00:00.000,2,81.88,White Clover Markets,1029 - 12th Ave. S.,Seattle,WA,98124,USA
10741,AROUT,4,1997-11-14 00:00:00.000,1997-11-28 00:00:00.000,1997-11-18 00:00:00.000,3,10.96,Around the Horn,Brook Farm Stratford St. Mary,Colchester,Essex,CO7 6JX,UK
10742,BOTTM,3,1997-11-14 00:00:00.000,1997-12-12 00:00:00.000,1997-11-18 00:00:00.000,3,243.73,Bottom-Dollar Markets,23 Tsawassen Blvd.,Tsawassen,BC,T2F 8M4,Canada
10743,AROUT,1,1997-11-17 00:00:00.000,1997-12-15 00:00:00.000,1997-11-21 00:00:00.000,2,23.72,Around the Horn,Brook Farm Stratford St. Mary,Colchester,Essex,CO7 6JX,UK
10744,VAFFE,6,1997-11-17 00:00:00.000,1997-12-15 00:00:00.000,1997-11-24 00:00:00.000,1,69.19,Vaffeljernet,Smagsloget 45,Århus,NULL,8200,Denmark
10745,QUICK,9,1997-11-18 00:00:00.000,1997-12-16 00:00:00.000,1997-11-27 00:00:00.000,1,3.52,QUICK-Stop,Taucherstraße 10,Cunewalde,NULL,01307,Germany
10746,CHOPS,1,1997-11-19 00:00:00.000,1997-12-17 00:00:00.000,1997-11-21 00:00:00.000,3,31.43,Chop-suey Chinese,Hauptstr. 31,Bern,NULL,3012,Switzerland
10747,PICCO,6,1997-11-19 00:00:00.000,1997-12-17 00:00:00.000,1997-11-26 00:00:00.000,1,117.33,Piccolo und mehr,Geislweg 14,Salzburg,NULL,5020,Austria
10748,SAVEA,3,1997-11-20 00:00:00.000,1997-12-18 00:00:00.000,1997-11-28 00:00:00.000,1,232.55,Save-a-lot Markets,187 Suffolk Ln.,Boise,ID,83720,USA
10749,ISLAT,4,1997-11-20 00:00:00.000,1997-12-18 00:00:00.000,1997-12-19 00:00:00.000,2,61.53,Island Trading,Garden House Crowther Way,Cowes,Isle of Wight,PO31 7PJ,UK
10750,WARTH,9,1997-11-21 00:00:00.000,1997-12-19 00:00:00.000,1997-11-24 00:00:00.000,1,79.30,Wartian Herkku,Torikatu 38,Oulu,NULL,90110,Finland
10751,RICSU,3,1997-11-24 00:00:00.000,1997-12-22 00:00:00.000,1997-12-03 00:00:00.000,3,130.79,Richter Supermarkt,Starenweg 5,Genève,NULL,1204,Switzerland
10752,NORTS,2,1997-11-24 00:00:00.000,1997-12-22 00:00:00.000,1997-11-28 00:00:00.000,3,1.39,North/South,South House 300 Queensbridge,London,NULL,SW7 1RZ,UK
10753,FRANS,3,1997-11-25 00:00:00.000,1997-12-23 00:00:00.000,1997-11-27 00:00:00.000,1,7.70,Franchi S.p.A.,Via Monte Bianco 34,Torino,NULL,10100,Italy
10754,MAGAA,6,1997-11-25 00:00:00.000,1997-12-23 00:00:00.000,1997-11-27 00:00:00.000,3,2.38,Magazzini Alimentari Riuniti,Via Ludovico il Moro 22,Bergamo,NULL,24100,Italy
10755,BONAP,4,1997-11-26 00:00:00.000,1997-12-24 00:00:00.000,1997-11-28 00:00:00.000,2,16.71,Bon app',12 rue des Bouchers,Marseille,NULL,13008,France
10756,SPLIR,8,1997-11-27 00:00:00.000,1997-12-25 00:00:00.000,1997-12-02 00:00:00.000,2,73.21,Split Rail Beer & Ale,P.O. Box 555,Lander,WY,82520,USA
10757,SAVEA,6,1997-11-27 00:00:00.000,1997-12-25 00:00:00.000,1997-12-15 00:00:00.000,1,8.19,Save-a-lot Markets,187 Suffolk Ln.,Boise,ID,83720,USA
10758,RICSU,3,1997-11-28 00:00:00.000,1997-12-26 00:00:00.000,1997-12-04 00:00:00.000,3,138.17,Richter Supermarkt,Starenweg 5,Genève,NULL,1204,Switzerland
10759,ANATR,3,1997-11-28 00:00:00.000,1997-12-26 00:00:00.000,1997-12-12 00:00:00.000,3,11.99,Ana Trujillo Emparedados y helados,Avda. de la Constitución 2222,México D.F.,NULL,05021,Mexico
10760,MAISD,4,1997-12-01 00:00:00.000,1997-12-29 00:00:00.000,1997-12-10 00:00:00.000,1,155.64,Maison Dewey,Rue Joseph-Bens 532,Bruxelles,NULL,B-1180,Belgium
10761,RATTC,5,1997-12-02 00:00:00.000,1997-12-30 00:00:00.000,1997-12-08 00:00:00.000,2,18.66,Rattlesnake Canyon Grocery,2817 Milton Dr.,Albuquerque,NM,87110,USA
10762,FOLKO,3,1997-12-02 00:00:00.000,1997-12-30 00:00:00.000,1997-12-09 00:00:00.000,1,328.74,Folk och fä HB,Åkergatan 24,Bräcke,NULL,S-844 67,Sweden
10763,FOLIG,3,1997-12-03 00:00:00.000,1997-12-31 00:00:00.000,1997-12-08 00:00:00.000,3,37.35,Folies gourmandes,184 chaussée de Tournai,Lille,NULL,59000,France
10764,ERNSH,6,1997-12-03 00:00:00.000,1997-12-31 00:00:00.000,1997-12-08 00:00:00.000,3,145.45,Ernst Handel,Kirchgasse 6,Graz,NULL,8010,Austria
10765,QUICK,3,1997-12-04 00:00:00.000,1998-01-01 00:00:00.000,1997-12-09 00:00:00.000,3,42.74,QUICK-Stop,Taucherstraße 10,Cunewalde,NULL,01307,Germany
10766,OTTIK,4,1997-12-05 00:00:00.000,1998-01-02 00:00:00.000,1997-12-09 00:00:00.000,1,157.55,Ottilies Käseladen,Mehrheimerstr. 369,Köln,NULL,50739,Germany
10767,SUPRD,4,1997-12-05 00:00:00.000,1998-01-02 00:00:00.000,1997-12-15 00:00:00.000,3,1.59,Suprêmes délices,Boulevard Tirou 255,Charleroi,NULL,B-6000,Belgium
10768,AROUT,3,1997-12-08 00:00:00.000,1998-01-05 00:00:00.000,1997-12-15 00:00:00.000,2,146.32,Around the Horn,Brook Farm Stratford St. Mary,Colchester,Essex,CO7 6JX,UK
10769,VAFFE,3,1997-12-08 00:00:00.000,1998-01-05 00:00:00.000,1997-12-12 00:00:00.000,1,65.06,Vaffeljernet,Smagsloget 45,Århus,NULL,8200,Denmark
10770,HANAR,8,1997-12-09 00:00:00.000,1998-01-06 00:00:00.000,1997-12-17 00:00:00.000,3,5.32,Hanari Carnes,Rua do Paço 67,Rio de Janeiro,RJ,05454-876,Brazil
10771,ERNSH,9,1997-12-10 00:00:00.000,1998-01-07 00:00:00.000,1998-01-02 00:00:00.000,2,11.19,Ernst Handel,Kirchgasse 6,Graz,NULL,8010,Austria
10772,LEHMS,3,1997-12-10 00:00:00.000,1998-01-07 00:00:00.000,1997-12-19 00:00:00.000,2,91.28,Lehmanns Marktstand,Magazinweg 7,Frankfurt a.M.,NULL,60528,Germany
10773,ERNSH,1,1997-12-11 00:00:00.000,1998-01-08 00:00:00.000,1997-12-16 00:00:00.000,3,96.43,Ernst Handel,Kirchgasse 6,Graz,NULL,8010,Austria
10774,FOLKO,4,1997-12-11 00:00:00.000,1997-12-25 00:00:00.000,1997-12-12 00:00:00.000,1,48.20,Folk och fä HB,Åkergatan 24,Bräcke,NULL,S-844 67,Sweden
10775,THECR,7,1997-12-12 00:00:00.000,1998-01-09 00:00:00.000,1997-12-26 00:00:00.000,1,20.25,The Cracker Box,55 Grizzly Peak Rd.,Butte,MT,59801,USA
10776,ERNSH,1,1997-12-15 00:00:00.000,1998-01-12 00:00:00.000,1997-12-18 00:00:00.000,3,351.53,Ernst Handel,Kirchgasse 6,Graz,NULL,8010,Austria
10777,GOURL,7,1997-12-15 00:00:00.000,1997-12-29 00:00:00.000,1998-01-21 00:00:00.000,2,3.01,Gourmet Lanchonetes,Av. Brasil 442,Campinas,SP,04876-786,Brazil
10778,BERGS,3,1997-12-16 00:00:00.000,1998-01-13 00:00:00.000,1997-12-24 00:00:00.000,1,6.79,Berglunds snabbköp,Berguvsvägen  8,Luleå,NULL,S-958 22,Sweden
10779,MORGK,3,1997-12-16 00:00:00.000,1998-01-13 00:00:00.000,1998-01-14 00:00:00.000,2,58.13,Morgenstern Gesundkost,Heerstr. 22,Leipzig,NULL,04179,Germany
10780,LILAS,2,1997-12-16 00:00:00.000,1997-12-30 00:00:00.000,1997-12-25 00:00:00.000,1,42.13,LILA-Supermercado,Carrera 52 con Ave. Bolívar #65-98 Llano Largo,Barquisimeto,Lara,3508,Venezuela
10781,WARTH,2,1997-12-17 00:00:00.000,1998-01-14 00:00:00.000,1997-12-19 00:00:00.000,3,73.16,Wartian Herkku,Torikatu 38,Oulu,NULL,90110,Finland
10782,CACTU,9,1997-12-17 00:00:00.000,1998-01-14 00:00:00.000,1997-12-22 00:00:00.000,3,1.10,Cactus Comidas para llevar,Cerrito 333,Buenos Aires,NULL,1010,Argentina
10783,HANAR,4,1997-12-18 00:00:00.000,1998-01-15 00:00:00.000,1997-12-19 00:00:00.000,2,124.98,Hanari Carnes,Rua do Paço 67,Rio de Janeiro,RJ,05454-876,Brazil
10784,MAGAA,4,1997-12-18 00:00:00.000,1998-01-15 00:00:00.000,1997-12-22 00:00:00.000,3,70.09,Magazzini Alimentari Riuniti,Via Ludovico il Moro 22,Bergamo,NULL,24100,Italy
10785,GROSR,1,1997-12-18 00:00:00.000,1998-01-15 00:00:00.000,1997-12-24 00:00:00.000,3,1.51,GROSELLA-Restaurante,5ª Ave. Los Palos Grandes,Caracas,DF,1081,Venezuela
10786,QUEEN,8,1997-12-19 00:00:00.000,1998-01-16 00:00:00.000,1997-12-23 00:00:00.000,1,110.87,Queen Cozinha,Alameda dos Canàrios 891,Sao Paulo,SP,05487-020,Brazil
10787,LAMAI,2,1997-12-19 00:00:00.000,1998-01-02 00:00:00.000,1997-12-26 00:00:00.000,1,249.93,La maison d'Asie,1 rue Alsace-Lorraine,Toulouse,NULL,31000,France
10788,QUICK,1,1997-12-22 00:00:00.000,1998-01-19 00:00:00.000,1998-01-19 00:00:00.000,2,42.70,QUICK-Stop,Taucherstraße 10,Cunewalde,NULL,01307,Germany
10789,FOLIG,1,1997-12-22 00:00:00.000,1998-01-19 00:00:00.000,1997-12-31 00:00:00.000,2,100.60,Folies gourmandes,184 chaussée de Tournai,Lille,NULL,59000,France
10790,GOURL,6,1997-12-22 00:00:00.000,1998-01-19 00:00:00.000,1997-12-26 00:00:00.000,1,28.23,Gourmet Lanchonetes,Av. Brasil 442,Campinas,SP,04876-786,Brazil
10791,FRANK,6,1997-12-23 00:00:00.000,1998-01-20 00:00:00.000,1998-01-01 00:00:00.000,2,16.85,Frankenversand,Berliner Platz 43,München,NULL,80805,Germany
10792,WOLZA,1,1997-12-23 00:00:00.000,1998-01-20 00:00:00.000,1997-12-31 00:00:00.000,3,23.79,Wolski Zajazd,ul. Filtrowa 68,Warszawa,NULL,01-012,Poland
10793,AROUT,3,1997-12-24 00:00:00.000,1998-01-21 00:00:00.000,1998-01-08 00:00:00.000,3,4.52,Around the Horn,Brook Farm Stratford St. Mary,Colchester,Essex,CO7 6JX,UK
10794,QUEDE,6,1997-12-24 00:00:00.000,1998-01-21 00:00:00.000,1998-01-02 00:00:00.000,1,21.49,Que Delícia,Rua da Panificadora 12,Rio de Janeiro,RJ,02389-673,Brazil
10795,ERNSH,8,1997-12-24 00:00:00.000,1998-01-21 00:00:00.000,1998-01-20 00:00:00.000,2,126.66,Ernst Handel,Kirchgasse 6,Graz,NULL,8010,Austria
10796,HILAA,3,1997-12-25 00:00:00.000,1998-01-22 00:00:00.000,1998-01-14 00:00:00.000,1,26.52,HILARION-Abastos,Carrera 22 con Ave. Carlos Soublette #8-35,San Cristóbal,Táchira,5022,Venezuela
10797,DRACD,7,1997-12-25 00:00:00.000,1998-01-22 00:00:00.000,1998-01-05 00:00:00.000,2,33.35,Drachenblut Delikatessen,Walserweg 21,Aachen,NULL,52066,Germany
10798,ISLAT,2,1997-12-26 00:00:00.000,1998-01-23 00:00:00.000,1998-01-05 00:00:00.000,1,2.33,Island Trading,Garden House Crowther Way,Cowes,Isle of Wight,PO31 7PJ,UK
10799,KOENE,9,1997-12-26 00:00:00.000,1998-02-06 00:00:00.000,1998-01-05 00:00:00.000,3,30.76,Königlich Essen,Maubelstr. 90,Brandenburg,NULL,14776,Germany
10800,SEVES,1,1997-12-26 00:00:00.000,1998-01-23 00:00:00.000,1998-01-05 00:00:00.000,3,137.44,Seven Seas Imports,90 Wadhurst Rd.,London,NULL,OX15 4NB,UK
10801,BOLID,4,1997-12-29 00:00:00.000,1998-01-26 00:00:00.000,1997-12-31 00:00:00.000,2,97.09,Bólido Comidas preparadas,C/ Araquil 67,Madrid,NULL,28023,Spain